; HEADER_BLOCK_START
; generated by OrcaSlicer 2.4.0 on 2026-07-02 at 09:18:10
; total layer number: 72
; filament_density: 0
; filament_diameter: 1.75
; max_z_height: 20.08
; filament: 1
; HEADER_BLOCK_END

; external perimeters extrusion width = 0.45mm
; perimeters extrusion width = 0.45mm
; infill extrusion width = 0.45mm
; solid infill extrusion width = 0.45mm
; top infill extrusion width = 0.40mm
; first layer extrusion width = 0.42mm

; EXECUTABLE_BLOCK_START
M73 P0 R30
;TYPE:Custom
M104 S215 ; start nozzle heat
M140 S60 ; start bed heat
M190 S60 ; wait bed
M109 S215 ; wait nozzle
G90
M82
G28
G92 E0
G1 Z2.0 F3000
G1 X2 Y10 Z0.28 F5000
G92 E0
G1 Y140 E10 F1500 ; prime line
G1 X2.3 F5000
G92 E0
G1 Y10 E10 F1200 ; prime line
G92 E0
G1 Z2.0 F3000
G90
G21
M82 ; use absolute distances for extrusion
G92 E0
M106 S0
;LAYER_CHANGE
;Z:0.2
;HEIGHT:0.2
;_SET_FAN_SPEED_CHANGING_LAYER
G1 E-.8 F1800
G92 E0
G1 X102.554 Y102.31 F9000
G1 Z.6
G1 Z.2
G1 E.8 F1800
;TYPE:Skirt
;WIDTH:0.42
G1 F1591.176
G1 X102.663 Y102.188 E.80514
G1 X104.065 Y101.188 E.85912
G1 X105.487 Y100.601 E.90738
G1 X106.739 Y100.354 E.94738
G1 X127.691 Y100.317 E1.60431
G1 X128.738 Y100.423 E1.63731
G1 X129.828 Y100.712 E1.67268
G1 X131.017 Y101.243 E1.71351
G1 X132.046 Y101.941 E1.75249
G1 X133.242 Y103.18 E1.80647
G1 X133.812 Y104.065 E1.83948
G1 X134.399 Y105.487 E1.88773
G1 X134.598 Y106.383 E1.91651
G1 X134.691 Y107.5 E1.95164
G1 X134.683 Y127.691 E2.5847
G1 X134.577 Y128.738 E2.61771
G1 X134.288 Y129.828 E2.65308
G1 X133.804 Y130.933 E2.69088
G1 X133.291 Y131.743 E2.72097
G1 X132.337 Y132.812 E2.76588
G1 X130.935 Y133.812 E2.81987
G1 X129.46 Y134.414 E2.86984
G1 X128.617 Y134.598 E2.89689
G1 X127.668 Y134.685 E2.92675
G1 X107.309 Y134.683 E3.56509
G1 X106.262 Y134.577 E3.5981
G1 X105.172 Y134.288 E3.63347
G1 X104.067 Y133.804 E3.67127
G1 X103.257 Y133.291 E3.70135
G1 X102.188 Y132.337 E3.74626
G1 X101.188 Y130.935 E3.80025
G1 X100.586 Y129.46 E3.85023
G1 X100.402 Y128.617 E3.87728
G1 X100.315 Y127.668 E3.90714
G1 X100.317 Y107.309 E4.54548
G1 X100.423 Y106.262 E4.57848
G1 X100.712 Y105.172 E4.61385
G1 X101.196 Y104.067 E4.65166
G1 X101.709 Y103.257 E4.68174
G1 X102.527 Y102.34 E4.72026
G1 X102.805 Y102.588 F9000
G1 F1591.176
G1 X102.904 Y102.478 E4.7249
G1 X104.26 Y101.511 E4.77713
G1 X105.591 Y100.963 E4.82226
G1 X106.764 Y100.73 E4.85974
M73 P1 R30
G1 X127.663 Y100.693 E5.515
G1 X128.654 Y100.791 E5.54626
G1 X129.681 Y101.059 E5.57952
G1 X130.75 Y101.526 E5.6161
G1 X131.795 Y102.223 E5.65547
G1 X132.952 Y103.421 E5.7077
G1 X133.489 Y104.26 E5.73895
G1 X134.037 Y105.591 E5.78408
G1 X134.228 Y106.46 E5.81198
G1 X134.313 Y107.5 E5.84469
G1 X134.307 Y127.663 E6.47687
G1 X134.209 Y128.654 E6.50812
G1 X133.941 Y129.681 E6.54139
G1 X133.474 Y130.75 E6.57797
G1 X132.975 Y131.537 E6.60717
G1 X132.096 Y132.522 E6.64858
G1 X130.74 Y133.489 E6.70081
G1 X129.355 Y134.052 E6.74766
G1 X128.54 Y134.228 E6.77384
G1 X127.644 Y134.309 E6.80204
G1 X107.337 Y134.307 E7.43873
G1 X106.346 Y134.209 E7.46998
G1 X105.319 Y133.941 E7.50325
G1 X104.25 Y133.474 E7.53982
G1 X103.463 Y132.975 E7.56903
G1 X102.478 Y132.096 E7.61044
G1 X101.511 Y130.74 E7.66267
G1 X100.948 Y129.355 E7.70952
G1 X100.772 Y128.54 E7.73569
G1 X100.691 Y127.644 E7.7639
G1 X100.693 Y107.337 E8.40058
G1 X100.791 Y106.346 E8.43183
G1 X101.059 Y105.319 E8.4651
G1 X101.526 Y104.25 E8.50168
G1 X102.025 Y103.463 E8.53088
G1 X102.779 Y102.618 E8.5664
; printing object test_cube.stl id:0 copy 0
G1 E7.7664 F1800
G92 E0
G1 X104.435 Y104.297 Z.6 F9000
G1 Z.2
G1 E.8 F1800
;TYPE:Brim
G1 F1591.176
G1 X104.93 Y103.885 E.8202
G1 X105.479 Y103.552 E.84033
G1 X106.251 Y103.248 E.86635
G1 X106.934 Y103.101 E.88824
G1 X107.506 Y103.064 E.90623
G1 X127.493 Y103.064 E1.5329
G1 X128.142 Y103.112 E1.55332
G1 X128.768 Y103.254 E1.57343
G1 X129.602 Y103.608 E1.60185
G1 X130.223 Y104.006 E1.62499
G1 X130.703 Y104.435 E1.64515
G1 X131.115 Y104.93 E1.66535
G1 X131.448 Y105.479 E1.68548
G1 X131.752 Y106.251 E1.7115
G1 X131.899 Y106.934 E1.73339
G1 X131.936 Y107.506 E1.75138
G1 X131.936 Y127.493 E2.37806
G1 X131.888 Y128.142 E2.39847
G1 X131.746 Y128.768 E2.41858
G1 X131.392 Y129.602 E2.447
G1 X130.994 Y130.223 E2.47014
G1 X130.565 Y130.703 E2.49031
G1 X130.07 Y131.115 E2.51051
G1 X129.522 Y131.448 E2.53062
G1 X128.697 Y131.767 E2.55835
G1 X128.067 Y131.899 E2.57852
G1 X127.494 Y131.936 E2.59654
G1 X107.507 Y131.936 E3.22321
G1 X106.858 Y131.888 E3.24362
G1 X106.232 Y131.746 E3.26373
G1 X105.398 Y131.392 E3.29216
G1 X104.777 Y130.994 E3.31529
G1 X104.297 Y130.565 E3.33546
G1 X103.885 Y130.07 E3.35566
G1 X103.552 Y129.522 E3.37577
G1 X103.233 Y128.697 E3.4035
G1 X103.101 Y128.067 E3.42368
G1 X103.064 Y127.494 E3.44169
G1 X103.064 Y107.507 E4.06836
G1 X103.112 Y106.858 E4.08878
G1 X103.254 Y106.232 E4.10888
G1 X103.608 Y105.398 E4.13731
G1 X104.006 Y104.777 E4.16044
G1 X104.408 Y104.326 E4.17936
G1 X104.69 Y104.579 F9000
G1 F1591.176
G1 X104.704 Y104.563 E4.18002
G1 X105.143 Y104.198 E4.19793
G1 X105.639 Y103.896 E4.21613
G1 X106.352 Y103.613 E4.24018
G1 X106.994 Y103.475 E4.26078
G1 X107.522 Y103.441 E4.27738
G1 X127.483 Y103.441 E4.90324
G1 X128.095 Y103.488 E4.92246
G1 X128.661 Y103.618 E4.94068
G1 X129.417 Y103.939 E4.96643
G1 X130.001 Y104.314 E4.9882
G1 X130.437 Y104.704 E5.00653
G1 X130.802 Y105.143 E5.02444
G1 X131.104 Y105.639 E5.04265
G1 X131.387 Y106.352 E5.06669
G1 X131.525 Y106.994 E5.08729
G1 X131.559 Y107.522 E5.10389
G1 X131.559 Y127.475 E5.72949
G1 X131.515 Y128.078 E5.74845
G1 X131.382 Y128.661 E5.76719
G1 X131.061 Y129.417 E5.79294
G1 X130.686 Y130.001 E5.81471
G1 X130.296 Y130.437 E5.83305
G1 X129.857 Y130.802 E5.85095
G1 X129.345 Y131.112 E5.86972
G1 X128.581 Y131.406 E5.89541
G1 X128.024 Y131.523 E5.91324
G1 X127.478 Y131.559 E5.9304
G1 X107.517 Y131.559 E6.55626
G1 X106.905 Y131.512 E6.57548
G1 X106.339 Y131.382 E6.5937
G1 X105.583 Y131.061 E6.61945
G1 X104.999 Y130.686 E6.64122
G1 X104.563 Y130.296 E6.65956
G1 X104.198 Y129.857 E6.67746
G1 X103.888 Y129.345 E6.69623
G1 X103.594 Y128.581 E6.72192
G1 X103.477 Y128.024 E6.73975
G1 X103.441 Y127.478 E6.75691
G1 X103.441 Y107.517 E7.38277
G1 X103.488 Y106.905 E7.40199
G1 X103.618 Y106.339 E7.42021
G1 X103.939 Y105.583 E7.44596
G1 X104.314 Y104.999 E7.46773
G1 X104.663 Y104.609 E7.48415
G1 X104.944 Y104.86 F9000
G1 F1591.176
G1 X104.961 Y104.842 E7.48494
G1 X105.356 Y104.511 E7.50111
G1 X105.817 Y104.231 E7.51799
G1 X106.471 Y103.973 E7.54004
G1 X107.038 Y103.851 E7.55823
G1 X107.531 Y103.818 E7.57372
G1 X127.464 Y103.818 E8.19873
G1 X128.029 Y103.861 E8.21648
G1 X128.553 Y103.982 E8.23334
G1 X129.231 Y104.27 E8.25644
G1 X129.779 Y104.621 E8.27684
G1 X130.17 Y104.973 E8.29333
G1 X130.499 Y105.37 E8.3095
G1 X130.76 Y105.799 E8.32527
G1 X131.021 Y106.453 E8.34733
G1 X131.151 Y107.054 E8.36662
G1 X131.182 Y107.538 E8.38183
G1 X131.182 Y127.457 E9.00635
G1 X131.141 Y128.013 E9.02385
G1 X131.018 Y128.554 E9.04123
G1 X130.73 Y129.231 E9.06431
G1 X130.379 Y129.779 E9.08471
G1 X130.039 Y130.158 E9.10068
G1 X129.644 Y130.489 E9.11683
G1 X129.169 Y130.776 E9.13423
G1 X128.465 Y131.045 E9.15789
G1 X127.964 Y131.149 E9.1739
G1 X127.461 Y131.182 E9.18971
G1 X107.536 Y131.182 E9.81446
G1 X106.971 Y131.139 E9.83222
G1 X106.447 Y131.018 E9.84908
G1 X105.769 Y130.73 E9.87218
G1 X105.221 Y130.379 E9.89258
G1 X104.842 Y130.039 E9.90855
G1 X104.511 Y129.644 E9.92469
G1 X104.224 Y129.169 E9.9421
G1 X103.955 Y128.465 E9.96575
G1 X103.851 Y127.964 E9.98177
G1 X103.818 Y127.461 E9.99758
G1 X103.818 Y107.536 E10.62233
G1 X103.861 Y106.971 E10.64009
G1 X103.982 Y106.447 E10.65695
G1 X104.27 Y105.769 E10.68005
G1 X104.621 Y105.221 E10.70045
G1 X104.917 Y104.89 E10.71438
G1 X105.198 Y105.143 F9000
G1 F1591.176
G1 X105.23 Y105.108 E10.71585
G1 X105.57 Y104.824 E10.72975
G1 X105.994 Y104.567 E10.7453
G1 X106.589 Y104.334 E10.76535
G1 X107.083 Y104.227 E10.78118
G1 X107.54 Y104.195 E10.79554
G1 X127.446 Y104.195 E11.41968
G1 X127.964 Y104.234 E11.43596
G1 X128.445 Y104.346 E11.45147
G1 X129.046 Y104.601 E11.47192
G1 X129.557 Y104.928 E11.49094
G1 X129.902 Y105.241 E11.50556
G1 X130.186 Y105.583 E11.51949
G1 X130.417 Y105.96 E11.53337
G1 X130.656 Y106.554 E11.55344
G1 X130.777 Y107.115 E11.57143
G1 X130.805 Y107.554 E11.58522
G1 X130.805 Y127.439 E12.20869
G1 X130.765 Y127.966 E12.22526
M73 P2 R30
G1 X130.654 Y128.446 E12.24073
G1 X130.399 Y129.046 E12.26115
G1 X130.072 Y129.557 E12.28018
G1 X129.77 Y129.892 E12.29431
G1 X129.431 Y130.175 E12.30817
G1 X128.993 Y130.439 E12.3242
G1 X128.349 Y130.684 E12.34581
G1 X127.906 Y130.775 E12.36
G1 X127.445 Y130.805 E12.37448
G1 X107.554 Y130.805 E12.99814
G1 X107.036 Y130.766 E13.01442
G1 X106.555 Y130.654 E13.02992
G1 X105.954 Y130.399 E13.05038
G1 X105.443 Y130.072 E13.06941
G1 X105.108 Y129.77 E13.08354
G1 X104.825 Y129.431 E13.09739
G1 X104.561 Y128.993 E13.11342
G1 X104.316 Y128.349 E13.13503
G1 X104.225 Y127.906 E13.14923
G1 X104.195 Y127.445 E13.16371
G1 X104.195 Y107.554 E13.78737
G1 X104.234 Y107.036 E13.80365
G1 X104.346 Y106.555 E13.81915
G1 X104.601 Y105.954 E13.83961
G1 X104.928 Y105.443 E13.85863
G1 X105.171 Y105.173 E13.87004
G1 X105.452 Y105.425 F9000
G1 F1591.176
G1 X105.486 Y105.386 E13.87167
G1 X105.783 Y105.137 E13.88383
G1 X106.171 Y104.902 E13.89803
G1 X106.707 Y104.694 E13.91608
G1 X107.128 Y104.603 E13.92957
G1 X107.549 Y104.573 E13.94281
G1 X127.436 Y104.573 E14.56635
G1 X127.898 Y104.607 E14.58087
G1 X128.337 Y104.71 E14.59502
G1 X128.86 Y104.932 E14.61284
G1 X129.334 Y105.235 E14.63046
G1 X129.634 Y105.508 E14.64321
G1 X129.873 Y105.797 E14.65494
G1 X130.074 Y106.122 E14.66694
G1 X130.29 Y106.657 E14.68501
G1 X130.403 Y107.176 E14.70167
G1 X130.428 Y107.57 E14.71405
G1 X130.428 Y127.42 E15.33645
G1 X130.392 Y127.9 E15.35152
G1 X130.29 Y128.338 E15.36563
G1 X130.068 Y128.86 E15.38343
G1 X129.765 Y129.334 E15.40107
G1 X129.514 Y129.614 E15.41285
G1 X129.218 Y129.862 E15.42494
G1 X128.818 Y130.102 E15.43958
G1 X128.235 Y130.323 E15.45913
G1 X127.848 Y130.401 E15.47151
G1 X127.429 Y130.428 E15.48468
G1 X107.573 Y130.428 E16.10726
G1 X107.102 Y130.393 E16.12205
G1 X106.663 Y130.29 E16.13619
G1 X106.14 Y130.068 E16.15401
G1 X105.666 Y129.765 E16.17166
G1 X105.386 Y129.514 E16.18344
G1 X105.138 Y129.218 E16.19552
G1 X104.898 Y128.818 E16.21016
G1 X104.677 Y128.235 E16.22972
G1 X104.599 Y127.848 E16.2421
G1 X104.572 Y127.429 E16.25527
G1 X104.572 Y107.573 E16.87784
G1 X104.607 Y107.102 E16.89263
G1 X104.71 Y106.663 E16.90678
G1 X104.932 Y106.14 E16.9246
G1 X105.235 Y105.666 E16.94224
G1 X105.425 Y105.455 E16.95113
G1 X105.705 Y105.709 F9000
G1 F1591.176
G1 X105.755 Y105.653 E16.95348
G1 X105.997 Y105.45 E16.96339
G1 X106.347 Y105.238 E16.97622
G1 X106.825 Y105.054 E16.99226
G1 X107.189 Y104.977 E17.00396
G1 X107.559 Y104.95 E17.01556
G1 X127.426 Y104.95 E17.63849
G1 X127.849 Y104.983 E17.65179
G1 X128.229 Y105.073 E17.66403
G1 X128.692 Y105.272 E17.67983
G1 X129.111 Y105.542 E17.69545
G1 X129.366 Y105.775 E17.70631
G1 X129.57 Y106.024 E17.71637
G1 X129.731 Y106.285 E17.72602
G1 X129.925 Y106.759 E17.74207
G1 X130.029 Y107.236 E17.75738
G1 X130.051 Y107.585 E17.76835
G1 X130.051 Y127.402 E18.38968
G1 X130.019 Y127.834 E18.40326
G1 X129.926 Y128.23 E18.41601
G1 X129.728 Y128.692 E18.43177
G1 X129.458 Y129.112 E18.44744
G1 X129.245 Y129.347 E18.45738
G1 X129.005 Y129.548 E18.46719
G1 X128.644 Y129.765 E18.48042
G1 X128.121 Y129.961 E18.49791
G1 X127.79 Y130.026 E18.50848
G1 X127.413 Y130.051 E18.52035
G1 X107.591 Y130.051 E19.14185
G1 X107.168 Y130.019 E19.15514
M73 P2 R29
G1 X106.771 Y129.927 E19.16792
G1 X106.308 Y129.728 E19.18372
G1 X105.888 Y129.458 E19.19938
G1 X105.653 Y129.245 E19.20932
G1 X105.452 Y129.005 E19.21913
G1 X105.235 Y128.644 E19.23236
G1 X105.039 Y128.121 E19.24985
G1 X104.974 Y127.79 E19.26042
G1 X104.949 Y127.413 E19.2723
G1 X104.949 Y107.591 E19.89379
G1 X104.981 Y107.168 E19.90709
G1 X105.073 Y106.771 E19.91987
G1 X105.272 Y106.308 E19.93566
G1 X105.542 Y105.888 E19.95133
G1 X105.678 Y105.738 E19.95766
G1 X105.971 Y105.984 F9000
G1 F1591.176
G1 X106.301 Y105.712 E19.97107
G1 X106.703 Y105.495 E19.98539
G1 X107.072 Y105.383 E19.99748
G1 X107.538 Y105.326 E20.0122
G1 X127.458 Y105.326 E20.63678
G1 X127.926 Y105.388 E20.65159
G1 X128.36 Y105.535 E20.66596
G1 X128.782 Y105.783 E20.6813
G1 X129.088 Y106.047 E20.69396
G1 X129.342 Y106.383 E20.70718
G1 X129.51 Y106.717 E20.7189
G1 X129.62 Y107.082 E20.73085
G1 X129.674 Y107.537 E20.7452
G1 X129.674 Y127.458 E21.36982
G1 X129.612 Y127.926 E21.38463
G1 X129.465 Y128.36 E21.399
G1 X129.217 Y128.782 E21.41434
G1 X128.953 Y129.088 E21.42701
G1 X128.617 Y129.342 E21.44022
G1 X128.283 Y129.51 E21.45195
G1 X127.918 Y129.62 E21.4639
G1 X127.463 Y129.674 E21.47824
G1 X107.542 Y129.674 E22.10286
G1 X107.074 Y129.612 E22.11767
G1 X106.64 Y129.465 E22.13204
G1 X106.218 Y129.217 E22.14739
G1 X105.912 Y128.953 E22.16005
G1 X105.658 Y128.617 E22.17326
G1 X105.49 Y128.283 E22.18499
G1 X105.38 Y127.918 E22.19694
G1 X105.326 Y127.463 E22.21128
G1 X105.33 Y107.482 E22.83779
G1 X105.388 Y107.073 E22.85075
G1 X105.49 Y106.742 E22.86159
G1 X105.786 Y106.214 E22.88059
G1 X105.946 Y106.015 E22.88858
G1 X106.234 Y106.258 F9000
G1 F1591.176
G1 X106.265 Y106.221 E22.89011
G1 X106.542 Y106.002 E22.90118
G1 X106.812 Y105.856 E22.9108
G1 X107.112 Y105.758 E22.9207
G1 X107.531 Y105.703 E22.93394
G1 X127.466 Y105.703 E23.55898
G1 X127.808 Y105.746 E23.5698
G1 X128.159 Y105.854 E23.5813
G1 X128.599 Y106.113 E23.59734
G1 X128.841 Y106.333 E23.60758
G1 X129.041 Y106.61 E23.61828
G1 X129.174 Y106.887 E23.62793
G1 X129.259 Y107.191 E23.63783
G1 X129.297 Y107.53 E23.64851
G1 X129.297 Y127.466 E24.27358
G1 X129.254 Y127.808 E24.28441
G1 X129.146 Y128.159 E24.29591
G1 X128.887 Y128.599 E24.31194
G1 X128.667 Y128.841 E24.32219
G1 X128.39 Y129.041 E24.33288
G1 X128.113 Y129.174 E24.34254
G1 X127.809 Y129.259 E24.35243
G1 X127.47 Y129.297 E24.36312
G1 X107.534 Y129.297 E24.98819
G1 X107.192 Y129.254 E24.99901
G1 X106.841 Y129.146 E25.01051
G1 X106.401 Y128.887 E25.02655
G1 X106.159 Y128.667 E25.03679
G1 X105.959 Y128.39 E25.04749
G1 X105.826 Y128.113 E25.05714
G1 X105.741 Y127.809 E25.06704
G1 X105.703 Y127.47 E25.07772
G1 X105.703 Y107.534 E25.70279
G1 X105.746 Y107.192 E25.71362
G1 X105.854 Y106.841 E25.72512
G1 X106.114 Y106.399 E25.74121
G1 X106.208 Y106.289 E25.74574
G1 X106.487 Y106.538 F9000
G1 F1591.176
G1 X106.552 Y106.466 E25.74879
G1 X106.774 Y106.299 E25.75751
G1 X106.99 Y106.189 E25.76509
G1 X107.229 Y106.116 E25.77294
G1 X107.524 Y106.08 E25.78225
G1 X127.473 Y106.08 E26.40773
G1 X127.765 Y106.121 E26.41699
G1 X128.051 Y106.215 E26.42643
G1 X128.407 Y106.437 E26.43958
G1 X128.534 Y106.552 E26.44495
G1 X128.701 Y106.774 E26.45367
G1 X128.811 Y106.99 E26.46126
G1 X128.884 Y107.229 E26.46911
G1 X128.92 Y107.524 E26.47841
G1 X128.92 Y127.473 E27.1039
G1 X128.879 Y127.765 E27.11315
G1 X128.785 Y128.051 E27.12259
G1 X128.563 Y128.407 E27.13575
G1 X128.448 Y128.534 E27.14112
G1 X128.226 Y128.701 E27.14984
G1 X128.01 Y128.811 E27.15743
G1 X127.771 Y128.884 E27.16527
G1 X127.476 Y128.92 E27.17458
G1 X107.527 Y128.92 E27.80006
G1 X107.235 Y128.879 E27.80932
M73 P3 R29
G1 X106.949 Y128.785 E27.81876
G1 X106.593 Y128.563 E27.83192
G1 X106.466 Y128.448 E27.83728
G1 X106.299 Y128.226 E27.846
G1 X106.189 Y128.01 E27.85359
G1 X106.116 Y127.771 E27.86144
G1 X106.08 Y127.476 E27.87074
G1 X106.08 Y107.527 E28.49623
G1 X106.121 Y107.235 E28.50549
G1 X106.215 Y106.949 E28.51493
G1 X106.437 Y106.593 E28.52808
G1 X106.46 Y106.568 E28.52915
G1 X106.753 Y106.799 F9000
G1 F1591.176
G1 X106.827 Y106.723 E28.53247
G1 X106.997 Y106.602 E28.53901
G1 X107.157 Y106.527 E28.54456
G1 X107.272 Y106.491 E28.54834
G1 X107.517 Y106.457 E28.55608
G1 X127.48 Y106.457 E29.18202
G1 X127.715 Y106.494 E29.18946
G1 X127.933 Y106.573 E29.19674
G1 X128.201 Y106.753 E29.20687
G1 X128.277 Y106.827 E29.21019
G1 X128.398 Y106.997 E29.21673
G1 X128.473 Y107.157 E29.22228
G1 X128.509 Y107.272 E29.22606
G1 X128.543 Y107.517 E29.2338
G1 X128.543 Y127.48 E29.85974
G1 X128.506 Y127.715 E29.86718
G1 X128.427 Y127.933 E29.87446
G1 X128.247 Y128.201 E29.88459
G1 X128.173 Y128.277 E29.88791
G1 X128.003 Y128.398 E29.89444
G1 X127.843 Y128.473 E29.89999
G1 X127.728 Y128.509 E29.90378
G1 X127.483 Y128.543 E29.91151
G1 X107.52 Y128.543 E30.53746
G1 X107.285 Y128.506 E30.5449
G1 X107.067 Y128.427 E30.55218
G1 X106.799 Y128.247 E30.56231
G1 X106.723 Y128.173 E30.56563
G1 X106.602 Y128.003 E30.57216
G1 X106.527 Y127.843 E30.57771
G1 X106.491 Y127.728 E30.58149
G1 X106.457 Y127.483 E30.58923
G1 X106.457 Y107.52 E31.21518
G1 X106.494 Y107.285 E31.22261
G1 X106.573 Y107.067 E31.22989
G1 X106.731 Y106.832 E31.23877
G1 X107.032 Y107.056 F9000
G1 F1591.176
G1 X107.058 Y107.02 E31.24017
G1 X107.15 Y106.947 E31.24382
G1 X107.326 Y106.864 E31.24993
G1 X107.509 Y106.834 E31.25576
G1 X127.489 Y106.834 E31.88222
G1 X127.65 Y106.865 E31.88736
G1 X127.802 Y106.926 E31.8925
G1 X127.98 Y107.058 E31.89944
G1 X128.053 Y107.15 E31.9031
G1 X128.136 Y107.326 E31.9092
G1 X128.166 Y107.509 E31.91503
G1 X128.166 Y127.489 E32.54149
G1 X128.135 Y127.65 E32.54663
G1 X128.074 Y127.802 E32.55178
G1 X127.942 Y127.98 E32.55872
G1 X127.85 Y128.053 E32.56237
G1 X127.674 Y128.136 E32.56848
G1 X127.491 Y128.166 E32.5743
G1 X107.511 Y128.166 E33.20077
G1 X107.35 Y128.135 E33.20591
G1 X107.198 Y128.074 E33.21105
G1 X107.02 Y127.942 E33.21799
G1 X106.947 Y127.85 E33.22164
G1 X106.864 Y127.674 E33.22775
G1 X106.834 Y127.491 E33.23358
G1 X106.834 Y107.511 E33.86004
G1 X106.865 Y107.35 E33.86518
G1 X106.926 Y107.198 E33.87032
G1 X107.008 Y107.088 E33.87461
G1 X107.282 Y107.324 F9000
G1 F1591.176
G1 X107.395 Y107.234 E33.87913
G1 X107.5 Y107.211 E33.88251
G1 X127.5 Y107.211 E34.5096
G1 X127.676 Y107.282 E34.51554
G1 X127.766 Y107.395 E34.52006
G1 X127.789 Y107.5 E34.52344
G1 X127.789 Y127.5 E35.15053
G1 X127.718 Y127.676 E35.15647
G1 X127.605 Y127.766 E35.16099
G1 X127.5 Y127.789 E35.16437
G1 X107.5 Y127.789 E35.79145
G1 X107.324 Y127.718 E35.7974
G1 X107.234 Y127.605 E35.80192
G1 X107.211 Y127.5 E35.8053
G1 X107.211 Y107.5 E36.43238
G1 X107.267 Y107.361 E36.43707
G1 E35.63707 F1800
G92 E0
G1 X112.677 Y112.745 Z.6 F9000
G1 X126.791 Y126.791 Z.6
G1 Z.2
G1 E.8 F1800
;TYPE:Inner wall
;WIDTH:0.419999
G1 F1591.179
G1 X108.209 Y126.791 E1.38265
G1 X108.209 Y108.209 E1.96531
G1 X126.791 Y108.209 E2.54796
G1 X126.791 Y126.751 E3.12936
G1 X127.19 Y127.19 F9000
;TYPE:Outer wall
G1 F1591.179
G1 X107.81 Y127.19 E3.73701
G1 X107.81 Y107.81 E4.34465
G1 X127.19 Y107.81 E4.9523
G1 X127.19 Y127.15 E5.55869
G1 E4.75869 F1800
G92 E0
G1 X126.974 Y119.521 Z.6 F9000
G1 X126.678 Y109.096 Z.6
G1 Z.2
G1 E.8 F1800
;TYPE:Bottom surface
;WIDTH:0.425472
G1 F1568.414
G1 X126.074 Y108.491 E.82718
G1 X125.533 Y108.491 E.84439
G1 X126.509 Y109.467 E.88827
G1 X126.509 Y110.008 E.90548
G1 X124.992 Y108.491 E.9737
G1 X124.451 Y108.491 E.99091
G1 X126.509 Y110.549 E1.08347
G1 X126.509 Y111.09 E1.10068
G1 X123.91 Y108.491 E1.21758
G1 X123.369 Y108.491 E1.23479
M73 P4 R29
G1 X126.509 Y111.631 E1.37602
G1 X126.509 Y112.172 E1.39323
G1 X122.828 Y108.491 E1.5588
G1 X122.287 Y108.491 E1.57601
G1 X126.509 Y112.713 E1.76592
G1 X126.509 Y113.254 E1.78313
G1 X121.746 Y108.491 E1.99737
G1 X121.205 Y108.491 E2.01458
G1 X126.509 Y113.795 E2.25317
G1 X126.509 Y114.336 E2.27037
G1 X120.664 Y108.491 E2.5333
G1 X120.123 Y108.491 E2.5505
G1 X126.509 Y114.877 E2.83776
G1 X126.509 Y115.418 E2.85497
G1 X119.582 Y108.491 E3.16657
G1 X119.041 Y108.491 E3.18378
G1 X126.509 Y115.959 E3.51971
G1 X126.509 Y116.5 E3.53692
G1 X118.5 Y108.491 E3.89719
G1 X117.959 Y108.491 E3.9144
G1 X126.509 Y117.041 E4.29901
G1 X126.509 Y117.582 E4.31622
G1 X117.418 Y108.491 E4.72516
G1 X116.877 Y108.491 E4.74237
G1 X126.509 Y118.123 E5.17565
G1 X126.509 Y118.664 E5.19286
G1 X116.336 Y108.491 E5.65048
G1 X115.795 Y108.491 E5.66769
G1 X126.509 Y119.205 E6.14965
G1 X126.509 Y119.746 E6.16686
G1 X115.254 Y108.491 E6.67316
G1 X114.713 Y108.491 E6.69036
G1 X126.509 Y120.287 E7.221
G1 X126.509 Y120.828 E7.23821
G1 X114.172 Y108.491 E7.79318
G1 X113.631 Y108.491 E7.81039
G1 X126.509 Y121.369 E8.38969
G1 X126.509 Y121.91 E8.4069
G1 X113.09 Y108.491 E9.01055
G1 X112.549 Y108.491 E9.02776
G1 X126.509 Y122.451 E9.65574
G1 X126.509 Y122.992 E9.67295
G1 X112.008 Y108.491 E10.32527
G1 X111.467 Y108.491 E10.34248
G1 X126.509 Y123.533 E11.01913
G1 X126.509 Y124.074 E11.03634
G1 X110.926 Y108.491 E11.73734
G1 X110.385 Y108.491 E11.75455
G1 X126.509 Y124.615 E12.47988
G1 X126.509 Y125.156 E12.49709
G1 X109.844 Y108.491 E13.24676
G1 X109.303 Y108.491 E13.26397
G1 X126.509 Y125.697 E14.03798
G1 X126.509 Y126.238 E14.05518
G1 X108.762 Y108.491 E14.85353
G1 X108.491 Y108.491 E14.86213
G1 X108.491 Y108.762 E14.87074
G1 X126.238 Y126.509 E15.66908
G1 X125.697 Y126.509 E15.68629
G1 X108.491 Y109.303 E16.46029
G1 X108.491 Y109.844 E16.4775
M73 P5 R29
G1 X125.156 Y126.509 E17.22717
G1 X124.615 Y126.509 E17.24438
G1 X108.491 Y110.385 E17.96971
G1 X108.491 Y110.926 E17.98692
G1 X124.074 Y126.509 E18.68791
G1 X123.533 Y126.509 E18.70512
G1 X108.491 Y111.467 E19.38177
G1 X108.491 Y112.008 E19.39898
G1 X122.992 Y126.509 E20.0513
G1 X122.451 Y126.509 E20.06851
G1 X108.491 Y112.549 E20.69649
G1 X108.491 Y113.09 E20.7137
G1 X121.91 Y126.509 E21.31734
G1 X121.369 Y126.509 E21.33455
G1 X108.491 Y113.631 E21.91385
G1 X108.491 Y114.172 E21.93106
G1 X120.828 Y126.509 E22.48603
G1 X120.287 Y126.509 E22.50324
G1 X108.491 Y114.713 E23.03387
G1 X108.491 Y115.254 E23.05108
G1 X119.746 Y126.509 E23.55737
G1 X119.205 Y126.509 E23.57458
G1 X108.491 Y115.795 E24.05653
G1 X108.491 Y116.336 E24.07374
G1 X118.664 Y126.509 E24.53136
G1 X118.123 Y126.509 E24.54857
G1 X108.491 Y116.877 E24.98185
G1 X108.491 Y117.418 E24.99906
G1 X117.582 Y126.509 E25.408
G1 X117.041 Y126.509 E25.42521
G1 X108.491 Y117.959 E25.80981
G1 X108.491 Y118.5 E25.82702
G1 X116.5 Y126.509 E26.18729
G1 X115.959 Y126.509 E26.2045
G1 X108.491 Y119.041 E26.54043
G1 X108.491 Y119.582 E26.55764
G1 X115.418 Y126.509 E26.86923
G1 X114.877 Y126.509 E26.88644
M73 P5 R28
G1 X108.491 Y120.123 E27.1737
G1 X108.491 Y120.664 E27.19091
G1 X114.336 Y126.509 E27.45382
G1 X113.795 Y126.509 E27.47103
G1 X108.491 Y121.205 E27.70961
G1 X108.491 Y121.746 E27.72682
G1 X113.254 Y126.509 E27.94106
G1 X112.713 Y126.509 E27.95827
G1 X108.491 Y122.287 E28.14818
G1 X108.491 Y122.828 E28.16539
G1 X112.172 Y126.509 E28.33096
G1 X111.631 Y126.509 E28.34817
G1 X108.491 Y123.369 E28.4894
G1 X108.491 Y123.91 E28.50661
G1 X111.09 Y126.509 E28.6235
G1 X110.549 Y126.509 E28.64071
G1 X108.491 Y124.451 E28.73326
G1 X108.491 Y124.992 E28.75047
G1 X110.008 Y126.509 E28.81869
G1 X109.467 Y126.509 E28.8359
G1 X108.491 Y125.533 E28.87978
G1 X108.491 Y126.074 E28.89699
G1 X109.095 Y126.678 E28.92417
; stop printing object test_cube.stl id:0 copy 0
;LAYER_CHANGE
;Z:0.48
;HEIGHT:0.28
;_SET_FAN_SPEED_CHANGING_LAYER
M140 S60 ; set bed temperature
G1 E28.12417 F1800
G92 E0
G1 X109.095 Y134.311 Z.88 F9000
G1 X109.095 Y134.684 Z.88
G1 Z.48
G1 E.8 F1800
;TYPE:Skirt
;WIDTH:0.42
G1 F1190.769
G1 X107.309 Y134.683 E.87481
G1 X106.262 Y134.577 E.91891
G1 X105.172 Y134.288 E.96617
G1 X104.067 Y133.804 E1.01669
G1 X103.257 Y133.291 E1.05689
G1 X102.188 Y132.337 E1.1169
G1 X101.188 Y130.935 E1.18904
G1 X100.586 Y129.46 E1.25582
G1 X100.402 Y128.617 E1.29197
G1 X100.315 Y127.668 E1.33187
G1 X100.317 Y107.309 E2.18485
G1 X100.423 Y106.262 E2.22896
G1 X100.712 Y105.172 E2.27622
G1 X101.196 Y104.067 E2.32674
G1 X101.709 Y103.257 E2.36694
G1 X102.663 Y102.188 E2.42695
G1 X104.065 Y101.188 E2.49909
G1 X105.487 Y100.601 E2.56357
G1 X106.739 Y100.354 E2.61703
G1 X127.691 Y100.317 E3.49485
G1 X128.738 Y100.423 E3.53895
M73 P6 R28
G1 X129.828 Y100.712 E3.58621
G1 X131.017 Y101.243 E3.64077
G1 X132.046 Y101.941 E3.69285
G1 X133.242 Y103.18 E3.76499
G1 X133.812 Y104.065 E3.8091
G1 X134.399 Y105.487 E3.87358
G1 X134.598 Y106.383 E3.91204
G1 X134.691 Y107.5 E3.95898
G1 X134.683 Y127.691 E4.80491
G1 X134.577 Y128.738 E4.84902
G1 X134.288 Y129.828 E4.89628
G1 X133.804 Y130.933 E4.9468
G1 X133.291 Y131.743 E4.987
G1 X132.337 Y132.812 E5.04701
G1 X130.935 Y133.812 E5.11915
G1 X129.46 Y134.414 E5.18593
G1 X128.617 Y134.598 E5.22208
G1 X127.668 Y134.685 E5.26198
G1 X109.135 Y134.684 E6.03848
G1 X109.135 Y134.308 F9000
G1 F1190.769
G1 X107.337 Y134.307 E6.11379
G1 X106.346 Y134.209 E6.15555
G1 X105.319 Y133.941 E6.2
G1 X104.25 Y133.474 E6.24888
G1 X103.463 Y132.975 E6.28791
G1 X102.478 Y132.096 E6.34324
G1 X101.511 Y130.74 E6.41303
G1 X100.948 Y129.355 E6.47564
G1 X100.772 Y128.54 E6.51061
G1 X100.691 Y127.644 E6.5483
G1 X100.693 Y107.337 E7.39908
G1 X100.791 Y106.346 E7.44084
G1 X101.059 Y105.319 E7.48529
G1 X101.526 Y104.25 E7.53417
G1 X102.025 Y103.463 E7.57319
G1 X102.904 Y102.478 E7.62853
G1 X104.26 Y101.511 E7.69832
G1 X105.591 Y100.963 E7.75862
G1 X106.764 Y100.73 E7.80871
G1 X127.663 Y100.693 E8.68431
G1 X128.654 Y100.791 E8.72607
G1 X129.681 Y101.059 E8.77053
G1 X130.75 Y101.526 E8.8194
G1 X131.795 Y102.223 E8.87201
G1 X132.952 Y103.421 E8.9418
G1 X133.489 Y104.26 E8.98356
G1 X134.037 Y105.591 E9.04387
G1 X134.228 Y106.46 E9.08115
G1 X134.313 Y107.5 E9.12485
G1 X134.307 Y127.663 E9.96961
G1 X134.209 Y128.654 E10.01137
G1 X133.941 Y129.681 E10.05583
G1 X133.474 Y130.75 E10.1047
G1 X132.975 Y131.537 E10.14373
G1 X132.096 Y132.522 E10.19906
G1 X130.74 Y133.489 E10.26886
G1 X129.355 Y134.052 E10.33146
G1 X128.54 Y134.228 E10.36644
G1 X127.644 Y134.309 E10.40412
G1 X109.175 Y134.308 E11.17792
; printing object test_cube.stl id:0 copy 0
G1 E10.37792 F1800
G92 E0
G1 X116.208 Y131.343 Z.88 F9000
G1 X126.855 Y126.855 Z.88
G1 Z.48
G1 E.8 F1800
;TYPE:Inner wall
;WIDTH:0.45
G1 F1099.152
G1 X108.145 Y126.855 E1.64925
G1 X108.145 Y108.145 E2.49849
G1 X126.855 Y108.145 E3.34774
G1 X126.855 Y126.815 E4.19517
G1 X127.275 Y127.275 F9000
;TYPE:Outer wall
G1 F1099.152
G1 X107.725 Y127.275 E5.08254
G1 X107.725 Y107.725 E5.96991
G1 X127.275 Y107.725 E6.85728
G1 X127.275 Y127.235 E7.74283
G1 X125.483 Y126.394 F9000
M73 P7 R28
;TYPE:Internal solid infill
;WIDTH:0.593246
G1 F803.837
G1 X126.394 Y126.394 E7.79932
G1 X126.394 Y125.483 E7.85581
G1 X125.512 Y126.365 E7.93321
G1 X124.762 Y126.738 F9000
;WIDTH:0.45
G1 F1099.152
G1 X126.563 Y124.937 E8.04881
G1 X126.563 Y124.386 E8.07384
G1 X124.386 Y126.563 E8.21357
G1 X123.834 Y126.563 E8.2386
G1 X126.563 Y123.834 E8.41373
G1 X126.563 Y123.283 E8.43876
G1 X123.283 Y126.563 E8.64928
G1 X122.732 Y126.563 E8.67431
G1 X126.563 Y122.732 E8.92023
G1 X126.563 Y122.18 E8.94526
G1 X122.18 Y126.563 E9.22658
G1 X121.629 Y126.563 E9.2516
G1 X126.563 Y121.629 E9.56832
G1 X126.563 Y121.077 E9.59334
G1 X121.077 Y126.563 E9.94545
G1 X120.526 Y126.563 E9.97048
G1 X126.563 Y120.526 E10.35798
G1 X126.563 Y119.974 E10.38301
G1 X119.974 Y126.563 E10.80591
G1 X119.423 Y126.563 E10.83094
G1 X126.563 Y119.423 E11.28924
G1 X126.563 Y118.872 E11.31427
G1 X118.872 Y126.563 E11.80796
G1 X118.32 Y126.563 E11.83299
G1 X126.563 Y118.32 E12.36207
G1 X126.563 Y117.769 E12.3871
G1 X117.769 Y126.563 E12.95158
G1 X117.217 Y126.563 E12.97661
G1 X126.563 Y117.217 E13.57649
G1 X126.563 Y116.666 E13.60152
G1 X116.666 Y126.563 E14.2368
G1 X116.115 Y126.563 E14.26182
G1 X126.563 Y116.115 E14.9325
G1 X126.563 Y115.563 E14.95752
G1 X115.563 Y126.563 E15.66359
G1 X115.012 Y126.563 E15.68862
G1 X126.563 Y115.012 E16.43008
G1 X126.563 Y114.46 E16.45511
G1 X114.46 Y126.563 E17.23197
G1 X113.909 Y126.563 E17.257
G1 X126.563 Y113.909 E18.06925
G1 X126.563 Y113.357 E18.09428
G1 X113.357 Y126.563 E18.94193
G1 X112.806 Y126.563 E18.96696
G1 X126.563 Y112.806 E19.85001
G1 X126.563 Y112.255 E19.87503
G1 X112.255 Y126.563 E20.79348
G1 X111.703 Y126.563 E20.81851
G1 X126.563 Y111.703 E21.77234
G1 X126.563 Y111.152 E21.79737
G1 X111.152 Y126.563 E22.78661
G1 X110.6 Y126.563 E22.81164
M73 P8 R28
G1 X126.563 Y110.6 E23.83626
G1 X126.563 Y110.049 E23.86129
G1 X110.049 Y126.563 E24.92132
G1 X109.498 Y126.563 E24.94635
G1 X126.563 Y109.498 E26.04177
G1 X126.563 Y108.946 E26.0668
G1 X108.946 Y126.563 E27.19762
G1 X108.437 Y126.563 E27.22071
G1 X108.437 Y126.52 E27.22264
G1 X126.52 Y108.437 E28.38338
G1 X125.968 Y108.437 E28.4084
G1 X108.437 Y125.968 E29.53374
G1 X108.437 Y125.417 E29.55877
G1 X125.417 Y108.437 E30.64871
G1 X124.866 Y108.437 E30.67373
G1 X108.437 Y124.866 E31.72828
G1 X108.437 Y124.314 E31.75331
G1 X124.314 Y108.437 E32.77245
G1 X123.763 Y108.437 E32.79748
G1 X108.437 Y123.763 E33.78123
G1 X108.437 Y123.211 E33.80626
G1 X123.211 Y108.437 E34.75462
G1 X122.66 Y108.437 E34.77965
G1 X108.437 Y122.66 E35.69261
G1 X108.437 Y122.109 E35.71763
G1 X122.109 Y108.437 E36.5952
G1 X121.557 Y108.437 E36.62023
G1 X108.437 Y121.557 E37.46239
G1 X108.437 Y121.006 E37.48742
M73 P8 R27
G1 X121.006 Y108.437 E38.29419
G1 X120.454 Y108.437 E38.31922
M73 P9 R27
G1 X108.437 Y120.454 E39.0906
G1 X108.437 Y119.903 E39.11563
G1 X119.903 Y108.437 E39.85161
G1 X119.351 Y108.437 E39.87664
G1 X108.437 Y119.351 E40.57722
G1 X108.437 Y118.8 E40.60225
G1 X118.8 Y108.437 E41.26744
G1 X118.249 Y108.437 E41.29246
G1 X108.437 Y118.249 E41.92226
G1 X108.437 Y117.697 E41.94728
G1 X117.697 Y108.437 E42.54168
G1 X117.146 Y108.437 E42.56671
G1 X108.437 Y117.146 E43.12571
G1 X108.437 Y116.594 E43.15074
G1 X116.594 Y108.437 E43.67434
G1 X116.043 Y108.437 E43.69937
G1 X108.437 Y116.043 E44.18758
G1 X108.437 Y115.492 E44.21261
G1 X115.492 Y108.437 E44.66542
G1 X114.94 Y108.437 E44.69045
G1 X108.437 Y114.94 E45.10787
G1 X108.437 Y114.389 E45.1329
G1 X114.389 Y108.437 E45.51492
G1 X113.837 Y108.437 E45.53994
G1 X108.437 Y113.837 E45.88657
G1 X108.437 Y113.286 E45.9116
G1 X113.286 Y108.437 E46.22283
G1 X112.734 Y108.437 E46.24786
G1 X108.437 Y112.734 E46.52369
G1 X108.437 Y112.183 E46.54872
G1 X112.183 Y108.437 E46.78915
G1 X111.632 Y108.437 E46.81418
G1 X108.437 Y111.632 E47.01922
G1 X108.437 Y111.08 E47.04425
G1 X111.08 Y108.437 E47.2139
G1 X110.529 Y108.437 E47.23893
G1 X108.437 Y110.529 E47.37318
G1 X108.437 Y109.977 E47.39821
G1 X109.977 Y108.437 E47.49706
G1 X109.426 Y108.437 E47.52209
G1 X108.262 Y109.601 E47.59681
G1 X108.548 Y108.485 F9000
;WIDTH:0.430409
G1 F1157.3
G1 X108.479 Y108.525 E47.60026
G1 X108.551 Y108.56 E47.60373
; stop printing object test_cube.stl id:0 copy 0
M106 S61
;LAYER_CHANGE
;Z:0.76
;HEIGHT:0.28
;_SET_FAN_SPEED_CHANGING_LAYER
; printing object test_cube.stl id:0 copy 0
G1 E46.80373 F1800
G92 E0
G1 X113.95 Y113.955 Z1.16 F9000
G1 X126.855 Y126.855 Z1.16
G1 Z.76
G1 E.8 F1800
;TYPE:Inner wall
;WIDTH:0.45
G1 F1099.152
G1 X108.145 Y126.855 E1.64925
G1 X108.145 Y108.145 E2.49849
G1 X126.855 Y108.145 E3.34774
G1 X126.855 Y126.815 E4.19517
G1 X127.275 Y127.275 F9000
;TYPE:Outer wall
G1 F1099.152
G1 X107.725 Y127.275 E5.08254
G1 X107.725 Y107.725 E5.96991
G1 X127.275 Y107.725 E6.85728
M73 P10 R27
G1 X127.275 Y127.235 E7.74283
G1 E6.94283 F1800
G92 E0
G1 X127.034 Y119.606 Z1.16 F9000
G1 X126.738 Y110.238 Z1.16
G1 Z.76
G1 E.8 F1800
;TYPE:Internal solid infill
G1 F1099.152
G1 X124.937 Y108.437 E.9156
G1 X124.386 Y108.437 E.94063
G1 X126.563 Y110.614 E1.08036
G1 X126.563 Y111.166 E1.10539
G1 X123.834 Y108.437 E1.28052
G1 X123.283 Y108.437 E1.30555
G1 X126.563 Y111.717 E1.51607
G1 X126.563 Y112.268 E1.5411
G1 X122.732 Y108.437 E1.78702
G1 X122.18 Y108.437 E1.81205
G1 X126.563 Y112.82 E2.09336
G1 X126.563 Y113.371 E2.11839
G1 X121.629 Y108.437 E2.4351
G1 X121.077 Y108.437 E2.46013
G1 X126.563 Y113.923 E2.81224
G1 X126.563 Y114.474 E2.83727
G1 X120.526 Y108.437 E3.22477
G1 X119.974 Y108.437 E3.2498
G1 X126.563 Y115.026 E3.6727
G1 X126.563 Y115.577 E3.69773
G1 X119.423 Y108.437 E4.15602
G1 X118.872 Y108.437 E4.18105
G1 X126.563 Y116.128 E4.67474
G1 X126.563 Y116.68 E4.69977
G1 X118.32 Y108.437 E5.22886
G1 X117.769 Y108.437 E5.25389
G1 X126.563 Y117.231 E5.81837
G1 X126.563 Y117.783 E5.8434
G1 X117.217 Y108.437 E6.44328
G1 X116.666 Y108.437 E6.46831
G1 X126.563 Y118.334 E7.10358
G1 X126.563 Y118.885 E7.12861
G1 X116.115 Y108.437 E7.79928
G1 X115.563 Y108.437 E7.82431
G1 X126.563 Y119.437 E8.53038
G1 X126.563 Y119.988 E8.55541
G1 X115.012 Y108.437 E9.29687
G1 X114.46 Y108.437 E9.3219
G1 X126.563 Y120.54 E10.09876
G1 X126.563 Y121.091 E10.12379
G1 X113.909 Y108.437 E10.93604
G1 X113.357 Y108.437 E10.96107
G1 X126.563 Y121.643 E11.80872
G1 X126.563 Y122.194 E11.83375
G1 X112.806 Y108.437 E12.71679
G1 X112.255 Y108.437 E12.74182
G1 X126.563 Y122.745 E13.66027
G1 X126.563 Y123.297 E13.68529
M73 P11 R27
G1 X111.703 Y108.437 E14.63913
G1 X111.152 Y108.437 E14.66416
G1 X126.563 Y123.848 E15.65339
G1 X126.563 Y124.4 E15.67842
G1 X110.6 Y108.437 E16.70305
G1 X110.049 Y108.437 E16.72808
G1 X126.563 Y124.951 E17.78811
G1 X126.563 Y125.502 E17.81314
G1 X109.498 Y108.437 E18.90856
G1 X108.946 Y108.437 E18.93359
G1 X126.563 Y126.054 E20.0644
G1 X126.563 Y126.563 E20.08749
G1 X126.52 Y126.563 E20.08943
G1 X108.437 Y108.48 E21.25016
G1 X108.437 Y109.032 E21.27519
G1 X125.968 Y126.563 E22.40053
G1 X125.417 Y126.563 E22.42556
G1 X108.437 Y109.583 E23.51549
G1 X108.437 Y110.134 E23.54052
G1 X124.866 Y126.563 E24.59507
G1 X124.314 Y126.563 E24.62009
G1 X108.437 Y110.686 E25.63924
G1 X108.437 Y111.237 E25.66427
G1 X123.763 Y126.563 E26.64802
G1 X123.211 Y126.563 E26.67305
G1 X108.437 Y111.789 E27.62141
G1 X108.437 Y112.34 E27.64643
G1 X122.66 Y126.563 E28.55939
G1 X122.109 Y126.563 E28.58442
G1 X108.437 Y112.891 E29.46199
G1 X108.437 Y113.443 E29.48701
M73 P12 R27
G1 X121.557 Y126.563 E30.32918
G1 X121.006 Y126.563 E30.35421
G1 X108.437 Y113.994 E31.16098
G1 X108.437 Y114.546 E31.18601
G1 X120.454 Y126.563 E31.95739
G1 X119.903 Y126.563 E31.98241
M73 P12 R26
G1 X108.437 Y115.097 E32.71839
G1 X108.437 Y115.649 E32.74342
G1 X119.351 Y126.563 E33.44401
G1 X118.8 Y126.563 E33.46904
G1 X108.437 Y116.2 E34.13422
G1 X108.437 Y116.751 E34.15925
G1 X118.249 Y126.563 E34.78904
G1 X117.697 Y126.563 E34.81407
G1 X108.437 Y117.303 E35.40847
G1 X108.437 Y117.854 E35.4335
G1 X117.146 Y126.563 E35.9925
G1 X116.594 Y126.563 E36.01753
G1 X108.437 Y118.406 E36.54113
G1 X108.437 Y118.957 E36.56616
G1 X116.043 Y126.563 E37.05437
G1 X115.492 Y126.563 E37.0794
G1 X108.437 Y119.508 E37.53221
G1 X108.437 Y120.06 E37.55724
G1 X114.94 Y126.563 E37.97466
G1 X114.389 Y126.563 E37.99968
G1 X108.437 Y120.611 E38.3817
G1 X108.437 Y121.163 E38.40673
G1 X113.837 Y126.563 E38.75336
G1 X113.286 Y126.563 E38.77839
G1 X108.437 Y121.714 E39.08962
G1 X108.437 Y122.266 E39.11464
G1 X112.734 Y126.563 E39.39048
G1 X112.183 Y126.563 E39.41551
G1 X108.437 Y122.817 E39.65594
G1 X108.437 Y123.368 E39.68097
G1 X111.632 Y126.563 E39.88601
G1 X111.08 Y126.563 E39.91104
G1 X108.437 Y123.92 E40.08069
G1 X108.437 Y124.471 E40.10572
G1 X110.529 Y126.563 E40.23997
G1 X109.977 Y126.563 E40.26499
G1 X108.437 Y125.023 E40.36385
G1 X108.437 Y125.574 E40.38888
G1 X109.601 Y126.738 E40.4636
G1 X108.548 Y126.435 F9000
;WIDTH:0.430407
G1 F1157.307
G1 X108.479 Y126.475 E40.46705
G1 X108.551 Y126.51 E40.47052
G1 X126.394 Y109.517 F9000
;WIDTH:0.593246
G1 F803.837
G1 X126.394 Y108.606 E40.52701
G1 X125.483 Y108.606 E40.5835
G1 X126.365 Y109.488 E40.6609
; stop printing object test_cube.stl id:0 copy 0
M106 S63
;LAYER_CHANGE
;Z:1.04
;HEIGHT:0.28
;_SET_FAN_SPEED_CHANGING_LAYER
; printing object test_cube.stl id:0 copy 0
G1 E39.8609 F1800
G92 E0
G1 X126.58 Y117.118 Z1.44 F9000
G1 X126.855 Y126.855 Z1.44
G1 Z1.04
G1 E.8 F1800
;TYPE:Inner wall
;WIDTH:0.45
G1 F1099.152
G1 X108.145 Y126.855 E1.64925
G1 X108.145 Y108.145 E2.49849
G1 X126.855 Y108.145 E3.34774
G1 X126.855 Y126.815 E4.19517
G1 X127.275 Y127.275 F9000
M73 P13 R26
;TYPE:Outer wall
G1 F1099.152
G1 X107.725 Y127.275 E5.08254
G1 X107.725 Y107.725 E5.96991
G1 X127.275 Y107.725 E6.85728
G1 X127.275 Y127.235 E7.74283
G1 X125.483 Y126.394 F9000
;TYPE:Internal solid infill
;WIDTH:0.593246
G1 F803.837
G1 X126.394 Y126.394 E7.79932
G1 X126.394 Y125.483 E7.85581
G1 X125.512 Y126.365 E7.93321
G1 X124.762 Y126.738 F9000
;WIDTH:0.45
G1 F1099.152
G1 X126.563 Y124.937 E8.04881
G1 X126.563 Y124.386 E8.07384
G1 X124.386 Y126.563 E8.21357
G1 X123.834 Y126.563 E8.2386
G1 X126.563 Y123.834 E8.41373
G1 X126.563 Y123.283 E8.43876
G1 X123.283 Y126.563 E8.64928
G1 X122.732 Y126.563 E8.67431
G1 X126.563 Y122.732 E8.92023
G1 X126.563 Y122.18 E8.94526
G1 X122.18 Y126.563 E9.22658
G1 X121.629 Y126.563 E9.2516
G1 X126.563 Y121.629 E9.56832
G1 X126.563 Y121.077 E9.59334
G1 X121.077 Y126.563 E9.94545
G1 X120.526 Y126.563 E9.97048
G1 X126.563 Y120.526 E10.35798
G1 X126.563 Y119.974 E10.38301
G1 X119.974 Y126.563 E10.80591
G1 X119.423 Y126.563 E10.83094
G1 X126.563 Y119.423 E11.28924
G1 X126.563 Y118.872 E11.31427
G1 X118.872 Y126.563 E11.80796
G1 X118.32 Y126.563 E11.83299
G1 X126.563 Y118.32 E12.36207
G1 X126.563 Y117.769 E12.3871
G1 X117.769 Y126.563 E12.95158
G1 X117.217 Y126.563 E12.97661
G1 X126.563 Y117.217 E13.57649
G1 X126.563 Y116.666 E13.60152
G1 X116.666 Y126.563 E14.2368
G1 X116.115 Y126.563 E14.26182
G1 X126.563 Y116.115 E14.9325
G1 X126.563 Y115.563 E14.95752
G1 X115.563 Y126.563 E15.66359
G1 X115.012 Y126.563 E15.68862
G1 X126.563 Y115.012 E16.43008
G1 X126.563 Y114.46 E16.45511
G1 X114.46 Y126.563 E17.23197
G1 X113.909 Y126.563 E17.257
G1 X126.563 Y113.909 E18.06925
G1 X126.563 Y113.357 E18.09428
G1 X113.357 Y126.563 E18.94193
G1 X112.806 Y126.563 E18.96696
M73 P14 R26
G1 X126.563 Y112.806 E19.85001
G1 X126.563 Y112.255 E19.87503
G1 X112.255 Y126.563 E20.79348
G1 X111.703 Y126.563 E20.81851
G1 X126.563 Y111.703 E21.77234
G1 X126.563 Y111.152 E21.79737
G1 X111.152 Y126.563 E22.78661
G1 X110.6 Y126.563 E22.81164
G1 X126.563 Y110.6 E23.83626
G1 X126.563 Y110.049 E23.86129
G1 X110.049 Y126.563 E24.92132
G1 X109.498 Y126.563 E24.94635
G1 X126.563 Y109.498 E26.04177
G1 X126.563 Y108.946 E26.0668
G1 X108.946 Y126.563 E27.19762
G1 X108.437 Y126.563 E27.22071
G1 X108.437 Y126.52 E27.22264
G1 X126.52 Y108.437 E28.38338
G1 X125.968 Y108.437 E28.4084
G1 X108.437 Y125.968 E29.53374
G1 X108.437 Y125.417 E29.55877
G1 X125.417 Y108.437 E30.64871
G1 X124.866 Y108.437 E30.67373
G1 X108.437 Y124.866 E31.72828
G1 X108.437 Y124.314 E31.75331
G1 X124.314 Y108.437 E32.77245
G1 X123.763 Y108.437 E32.79748
G1 X108.437 Y123.763 E33.78123
G1 X108.437 Y123.211 E33.80626
G1 X123.211 Y108.437 E34.75462
G1 X122.66 Y108.437 E34.77965
M73 P15 R26
G1 X108.437 Y122.66 E35.69261
G1 X108.437 Y122.109 E35.71763
G1 X122.109 Y108.437 E36.5952
G1 X121.557 Y108.437 E36.62023
G1 X108.437 Y121.557 E37.46239
G1 X108.437 Y121.006 E37.48742
G1 X121.006 Y108.437 E38.29419
G1 X120.454 Y108.437 E38.31922
G1 X108.437 Y120.454 E39.0906
G1 X108.437 Y119.903 E39.11563
G1 X119.903 Y108.437 E39.85161
G1 X119.351 Y108.437 E39.87664
G1 X108.437 Y119.351 E40.57722
G1 X108.437 Y118.8 E40.60225
G1 X118.8 Y108.437 E41.26744
G1 X118.249 Y108.437 E41.29246
M73 P15 R25
G1 X108.437 Y118.249 E41.92226
G1 X108.437 Y117.697 E41.94728
G1 X117.697 Y108.437 E42.54168
G1 X117.146 Y108.437 E42.56671
G1 X108.437 Y117.146 E43.12571
G1 X108.437 Y116.594 E43.15074
G1 X116.594 Y108.437 E43.67434
G1 X116.043 Y108.437 E43.69937
G1 X108.437 Y116.043 E44.18758
G1 X108.437 Y115.492 E44.21261
G1 X115.492 Y108.437 E44.66542
G1 X114.94 Y108.437 E44.69045
G1 X108.437 Y114.94 E45.10787
G1 X108.437 Y114.389 E45.1329
G1 X114.389 Y108.437 E45.51492
G1 X113.837 Y108.437 E45.53994
G1 X108.437 Y113.837 E45.88657
G1 X108.437 Y113.286 E45.9116
G1 X113.286 Y108.437 E46.22283
G1 X112.734 Y108.437 E46.24786
G1 X108.437 Y112.734 E46.52369
G1 X108.437 Y112.183 E46.54872
G1 X112.183 Y108.437 E46.78915
G1 X111.632 Y108.437 E46.81418
G1 X108.437 Y111.632 E47.01922
G1 X108.437 Y111.08 E47.04425
G1 X111.08 Y108.437 E47.2139
G1 X110.529 Y108.437 E47.23893
G1 X108.437 Y110.529 E47.37318
G1 X108.437 Y109.977 E47.39821
G1 X109.977 Y108.437 E47.49706
G1 X109.426 Y108.437 E47.52209
G1 X108.262 Y109.601 E47.59681
G1 X108.548 Y108.485 F9000
;WIDTH:0.430409
G1 F1157.3
G1 X108.479 Y108.525 E47.60026
G1 X108.551 Y108.56 E47.60373
; stop printing object test_cube.stl id:0 copy 0
M106 S61
;LAYER_CHANGE
;Z:1.32
;HEIGHT:0.28
;_SET_FAN_SPEED_CHANGING_LAYER
; printing object test_cube.stl id:0 copy 0
G1 E46.80373 F1800
G92 E0
G1 X113.95 Y113.955 Z1.72 F9000
G1 X126.855 Y126.855 Z1.72
G1 Z1.32
G1 E.8 F1800
;TYPE:Inner wall
;WIDTH:0.45
G1 F1099.152
G1 X108.145 Y126.855 E1.64925
G1 X108.145 Y108.145 E2.49849
G1 X126.855 Y108.145 E3.34774
M73 P16 R25
G1 X126.855 Y126.815 E4.19517
G1 X127.275 Y127.275 F9000
;TYPE:Outer wall
G1 F1099.152
G1 X107.725 Y127.275 E5.08254
G1 X107.725 Y107.725 E5.96991
G1 X127.275 Y107.725 E6.85728
G1 X127.275 Y127.235 E7.74283
G1 E6.94283 F1800
G92 E0
G1 X127.034 Y119.606 Z1.72 F9000
G1 X126.738 Y110.238 Z1.72
G1 Z1.32
G1 E.8 F1800
;TYPE:Internal solid infill
G1 F1099.152
G1 X124.937 Y108.437 E.9156
G1 X124.386 Y108.437 E.94063
G1 X126.563 Y110.614 E1.08036
G1 X126.563 Y111.166 E1.10539
G1 X123.834 Y108.437 E1.28052
G1 X123.283 Y108.437 E1.30555
G1 X126.563 Y111.717 E1.51607
G1 X126.563 Y112.268 E1.5411
G1 X122.732 Y108.437 E1.78702
G1 X122.18 Y108.437 E1.81205
G1 X126.563 Y112.82 E2.09336
G1 X126.563 Y113.371 E2.11839
G1 X121.629 Y108.437 E2.4351
G1 X121.077 Y108.437 E2.46013
G1 X126.563 Y113.923 E2.81224
G1 X126.563 Y114.474 E2.83727
G1 X120.526 Y108.437 E3.22477
G1 X119.974 Y108.437 E3.2498
G1 X126.563 Y115.026 E3.6727
G1 X126.563 Y115.577 E3.69773
G1 X119.423 Y108.437 E4.15602
G1 X118.872 Y108.437 E4.18105
G1 X126.563 Y116.128 E4.67474
G1 X126.563 Y116.68 E4.69977
G1 X118.32 Y108.437 E5.22886
G1 X117.769 Y108.437 E5.25389
G1 X126.563 Y117.231 E5.81837
G1 X126.563 Y117.783 E5.8434
G1 X117.217 Y108.437 E6.44328
G1 X116.666 Y108.437 E6.46831
G1 X126.563 Y118.334 E7.10358
G1 X126.563 Y118.885 E7.12861
G1 X116.115 Y108.437 E7.79928
G1 X115.563 Y108.437 E7.82431
G1 X126.563 Y119.437 E8.53038
G1 X126.563 Y119.988 E8.55541
G1 X115.012 Y108.437 E9.29687
G1 X114.46 Y108.437 E9.3219
G1 X126.563 Y120.54 E10.09876
G1 X126.563 Y121.091 E10.12379
M73 P17 R25
G1 X113.909 Y108.437 E10.93604
G1 X113.357 Y108.437 E10.96107
G1 X126.563 Y121.643 E11.80872
G1 X126.563 Y122.194 E11.83375
G1 X112.806 Y108.437 E12.71679
G1 X112.255 Y108.437 E12.74182
G1 X126.563 Y122.745 E13.66027
G1 X126.563 Y123.297 E13.68529
G1 X111.703 Y108.437 E14.63913
G1 X111.152 Y108.437 E14.66416
G1 X126.563 Y123.848 E15.65339
G1 X126.563 Y124.4 E15.67842
G1 X110.6 Y108.437 E16.70305
G1 X110.049 Y108.437 E16.72808
G1 X126.563 Y124.951 E17.78811
G1 X126.563 Y125.502 E17.81314
G1 X109.498 Y108.437 E18.90856
G1 X108.946 Y108.437 E18.93359
G1 X126.563 Y126.054 E20.0644
G1 X126.563 Y126.563 E20.08749
G1 X126.52 Y126.563 E20.08943
G1 X108.437 Y108.48 E21.25016
G1 X108.437 Y109.032 E21.27519
G1 X125.968 Y126.563 E22.40053
G1 X125.417 Y126.563 E22.42556
G1 X108.437 Y109.583 E23.51549
G1 X108.437 Y110.134 E23.54052
G1 X124.866 Y126.563 E24.59507
G1 X124.314 Y126.563 E24.62009
G1 X108.437 Y110.686 E25.63924
G1 X108.437 Y111.237 E25.66427
M73 P18 R25
G1 X123.763 Y126.563 E26.64802
G1 X123.211 Y126.563 E26.67305
G1 X108.437 Y111.789 E27.62141
G1 X108.437 Y112.34 E27.64643
G1 X122.66 Y126.563 E28.55939
G1 X122.109 Y126.563 E28.58442
G1 X108.437 Y112.891 E29.46199
G1 X108.437 Y113.443 E29.48701
G1 X121.557 Y126.563 E30.32918
G1 X121.006 Y126.563 E30.35421
G1 X108.437 Y113.994 E31.16098
G1 X108.437 Y114.546 E31.18601
G1 X120.454 Y126.563 E31.95739
G1 X119.903 Y126.563 E31.98241
G1 X108.437 Y115.097 E32.71839
G1 X108.437 Y115.649 E32.74342
G1 X119.351 Y126.563 E33.44401
G1 X118.8 Y126.563 E33.46904
G1 X108.437 Y116.2 E34.13422
G1 X108.437 Y116.751 E34.15925
G1 X118.249 Y126.563 E34.78904
G1 X117.697 Y126.563 E34.81407
G1 X108.437 Y117.303 E35.40847
G1 X108.437 Y117.854 E35.4335
G1 X117.146 Y126.563 E35.9925
G1 X116.594 Y126.563 E36.01753
M73 P18 R24
G1 X108.437 Y118.406 E36.54113
G1 X108.437 Y118.957 E36.56616
G1 X116.043 Y126.563 E37.05437
G1 X115.492 Y126.563 E37.0794
G1 X108.437 Y119.508 E37.53221
G1 X108.437 Y120.06 E37.55724
G1 X114.94 Y126.563 E37.97466
G1 X114.389 Y126.563 E37.99968
G1 X108.437 Y120.611 E38.3817
G1 X108.437 Y121.163 E38.40673
G1 X113.837 Y126.563 E38.75336
G1 X113.286 Y126.563 E38.77839
G1 X108.437 Y121.714 E39.08962
G1 X108.437 Y122.266 E39.11464
G1 X112.734 Y126.563 E39.39048
G1 X112.183 Y126.563 E39.41551
G1 X108.437 Y122.817 E39.65594
G1 X108.437 Y123.368 E39.68097
G1 X111.632 Y126.563 E39.88601
G1 X111.08 Y126.563 E39.91104
G1 X108.437 Y123.92 E40.08069
G1 X108.437 Y124.471 E40.10572
G1 X110.529 Y126.563 E40.23997
G1 X109.977 Y126.563 E40.26499
M73 P19 R24
G1 X108.437 Y125.023 E40.36385
G1 X108.437 Y125.574 E40.38888
G1 X109.601 Y126.738 E40.4636
G1 X108.548 Y126.435 F9000
;WIDTH:0.430407
G1 F1157.307
G1 X108.479 Y126.475 E40.46705
G1 X108.551 Y126.51 E40.47052
G1 X126.394 Y109.517 F9000
;WIDTH:0.593246
G1 F803.837
G1 X126.394 Y108.606 E40.52701
G1 X125.483 Y108.606 E40.5835
G1 X126.365 Y109.488 E40.6609
; stop printing object test_cube.stl id:0 copy 0
M106 S209
;LAYER_CHANGE
;Z:1.6
;HEIGHT:0.28
;_SET_FAN_SPEED_CHANGING_LAYER
; printing object test_cube.stl id:0 copy 0
G1 E39.8609 F1800
G92 E0
G1 X126.58 Y117.118 Z2 F9000
G1 X126.855 Y126.855 Z2
G1 Z1.6
G1 E.8 F1800
;TYPE:Inner wall
;WIDTH:0.45
G1 F1099.152
G1 X108.145 Y126.855 E1.64925
G1 X108.145 Y108.145 E2.49849
G1 X126.855 Y108.145 E3.34774
G1 X126.855 Y126.815 E4.19517
G1 X127.275 Y127.275 F9000
;TYPE:Outer wall
G1 F1099.152
G1 X107.725 Y127.275 E5.08254
G1 X107.725 Y107.725 E5.96991
G1 X127.275 Y107.725 E6.85728
G1 X127.275 Y127.235 E7.74283
G1 E6.94283 F1800
G92 E0
G1 X121.033 Y126.563 Z2 F9000
G1 Z1.6
G1 E.8 F1800
;TYPE:Sparse infill
;WIDTH:0.45
G1 F1099.151
G1 X122.592 Y126.563 E.87079
G1 X108.437 Y112.408 E1.77941
G1 X108.437 Y108.437 E1.95962
G1 X126.563 Y126.563 E3.12309
G1 X126.563 Y122.592 E3.3033
G1 X112.408 Y108.437 E4.21192
G1 X113.967 Y108.437 E4.28272
G1 X108.437 Y114.818 F9000
G1 F1099.151
G1 X108.437 Y116.378 E4.35351
G1 X118.622 Y126.563 E5.00728
G1 X114.652 Y126.563 E5.18749
G1 X108.437 Y120.348 E5.58641
G1 X108.437 Y124.318 E5.76661
G1 X110.682 Y126.563 E5.91068
G1 X109.122 Y126.563 E5.98147
G1 X126.563 Y120.182 F9000
G1 F1099.151
G1 X126.563 Y118.622 E6.05227
G1 X116.378 Y108.437 E6.70604
G1 X120.348 Y108.437 E6.88625
G1 X126.563 Y114.652 E7.28517
G1 X126.563 Y110.682 E7.46537
G1 X124.318 Y108.437 E7.60944
M73 P20 R24
G1 X125.878 Y108.437 E7.68023
; stop printing object test_cube.stl id:0 copy 0
;LAYER_CHANGE
;Z:1.88
;HEIGHT:0.28
;_SET_FAN_SPEED_CHANGING_LAYER
; printing object test_cube.stl id:0 copy 0
G1 E6.88023 F1800
G92 E0
G1 X126.282 Y116.059 Z2.28 F9000
G1 X126.855 Y126.855 Z2.28
G1 Z1.88
G1 E.8 F1800
;TYPE:Inner wall
;WIDTH:0.45
G1 F1099.152
G1 X108.145 Y126.855 E1.64925
G1 X108.145 Y108.145 E2.49849
G1 X126.855 Y108.145 E3.34774
G1 X126.855 Y126.815 E4.19517
G1 X127.275 Y127.275 F9000
;TYPE:Outer wall
G1 F1099.152
G1 X107.725 Y127.275 E5.08254
G1 X107.725 Y107.725 E5.96991
G1 X127.275 Y107.725 E6.85728
G1 X127.275 Y127.235 E7.74283
G1 E6.94283 F1800
G92 E0
G1 X121.033 Y126.563 Z2.28 F9000
G1 Z1.88
G1 E.8 F1800
;TYPE:Sparse infill
;WIDTH:0.45
G1 F1099.151
G1 X122.592 Y126.563 E.87079
G1 X108.437 Y112.408 E1.77941
G1 X108.437 Y108.437 E1.95962
G1 X126.563 Y126.563 E3.12309
G1 X126.563 Y122.592 E3.3033
G1 X112.408 Y108.437 E4.21192
G1 X113.967 Y108.437 E4.28272
G1 X108.437 Y114.818 F9000
G1 F1099.151
G1 X108.437 Y116.378 E4.35351
G1 X118.622 Y126.563 E5.00728
G1 X114.652 Y126.563 E5.18749
G1 X108.437 Y120.348 E5.58641
G1 X108.437 Y124.318 E5.76661
G1 X110.682 Y126.563 E5.91068
G1 X109.122 Y126.563 E5.98147
G1 X126.563 Y120.182 F9000
G1 F1099.151
G1 X126.563 Y118.622 E6.05227
G1 X116.378 Y108.437 E6.70604
G1 X120.348 Y108.437 E6.88625
G1 X126.563 Y114.652 E7.28517
G1 X126.563 Y110.682 E7.46537
G1 X124.318 Y108.437 E7.60944
G1 X125.878 Y108.437 E7.68023
; stop printing object test_cube.stl id:0 copy 0
;LAYER_CHANGE
;Z:2.16
;HEIGHT:0.28
;_SET_FAN_SPEED_CHANGING_LAYER
; printing object test_cube.stl id:0 copy 0
G1 E6.88023 F1800
G92 E0
G1 X126.282 Y116.059 Z2.56 F9000
G1 X126.855 Y126.855 Z2.56
M73 P21 R24
G1 Z2.16
G1 E.8 F1800
;TYPE:Inner wall
;WIDTH:0.45
G1 F1099.152
G1 X108.145 Y126.855 E1.64925
G1 X108.145 Y108.145 E2.49849
G1 X126.855 Y108.145 E3.34774
G1 X126.855 Y126.815 E4.19517
G1 X127.275 Y127.275 F9000
;TYPE:Outer wall
G1 F1099.152
G1 X107.725 Y127.275 E5.08254
G1 X107.725 Y107.725 E5.96991
G1 X127.275 Y107.725 E6.85728
G1 X127.275 Y127.235 E7.74283
G1 E6.94283 F1800
G92 E0
G1 X121.033 Y126.563 Z2.56 F9000
G1 Z2.16
G1 E.8 F1800
;TYPE:Sparse infill
;WIDTH:0.45
G1 F1099.151
G1 X122.592 Y126.563 E.87079
G1 X108.437 Y112.408 E1.77941
G1 X108.437 Y108.437 E1.95962
G1 X126.563 Y126.563 E3.12309
G1 X126.563 Y122.592 E3.3033
G1 X112.408 Y108.437 E4.21192
G1 X113.967 Y108.437 E4.28272
G1 X108.437 Y114.818 F9000
G1 F1099.151
G1 X108.437 Y116.378 E4.35351
G1 X118.622 Y126.563 E5.00728
G1 X114.652 Y126.563 E5.18749
G1 X108.437 Y120.348 E5.58641
G1 X108.437 Y124.318 E5.76661
G1 X110.682 Y126.563 E5.91068
G1 X109.122 Y126.563 E5.98147
G1 X126.563 Y120.182 F9000
G1 F1099.151
G1 X126.563 Y118.622 E6.05227
G1 X116.378 Y108.437 E6.70604
G1 X120.348 Y108.437 E6.88625
G1 X126.563 Y114.652 E7.28517
G1 X126.563 Y110.682 E7.46537
G1 X124.318 Y108.437 E7.60944
G1 X125.878 Y108.437 E7.68023
; stop printing object test_cube.stl id:0 copy 0
;LAYER_CHANGE
;Z:2.44
;HEIGHT:0.28
;_SET_FAN_SPEED_CHANGING_LAYER
; printing object test_cube.stl id:0 copy 0
G1 E6.88023 F1800
M73 P21 R23
G92 E0
G1 X126.282 Y116.059 Z2.84 F9000
G1 X126.855 Y126.855 Z2.84
G1 Z2.44
G1 E.8 F1800
;TYPE:Inner wall
;WIDTH:0.45
G1 F1099.152
G1 X108.145 Y126.855 E1.64925
G1 X108.145 Y108.145 E2.49849
M73 P22 R23
G1 X126.855 Y108.145 E3.34774
G1 X126.855 Y126.815 E4.19517
G1 X127.275 Y127.275 F9000
;TYPE:Outer wall
G1 F1099.152
G1 X107.725 Y127.275 E5.08254
G1 X107.725 Y107.725 E5.96991
G1 X127.275 Y107.725 E6.85728
G1 X127.275 Y127.235 E7.74283
G1 E6.94283 F1800
G92 E0
G1 X119.647 Y126.961 Z2.84 F9000
G1 X108.538 Y126.563 Z2.84
G1 Z2.44
G1 E.8 F1800
;TYPE:Sparse infill
;WIDTH:0.45
G1 F1099.151
G1 X110.098 Y126.563 E.87079
G1 X109.968 Y126.433 E.87911
G1 X109.151 Y124.448 E.97655
G1 X108.567 Y123.864 E1.01404
G1 X108.437 Y123.81 E1.02041
G1 X108.437 Y119.84 E1.20061
G1 X108.567 Y119.894 E1.20698
G1 X109.151 Y120.478 E1.24447
G1 X109.968 Y122.463 E1.3419
G1 X110.552 Y123.047 E1.3794
G1 X112.537 Y123.864 E1.47683
G1 X113.121 Y124.448 E1.51432
G1 X113.938 Y126.433 E1.61176
G1 X114.068 Y126.563 E1.62008
G1 X118.038 Y126.563 E1.80029
G1 X117.908 Y126.433 E1.80861
G1 X117.092 Y124.448 E1.90605
G1 X116.507 Y123.864 E1.94354
G1 X114.522 Y123.047 E2.04097
G1 X113.938 Y122.463 E2.07847
G1 X113.121 Y120.478 E2.1759
G1 X112.537 Y119.894 E2.21339
G1 X110.552 Y119.077 E2.31083
G1 X109.968 Y118.493 E2.34832
G1 X109.151 Y116.507 E2.44576
G1 X108.567 Y115.923 E2.48325
G1 X108.437 Y115.87 E2.48961
G1 X108.437 Y111.9 E2.66982
G1 X108.567 Y111.953 E2.67618
G1 X109.151 Y112.537 E2.71368
G1 X109.968 Y114.522 E2.81111
G1 X110.552 Y115.106 E2.8486
G1 X112.537 Y115.923 E2.94604
G1 X113.121 Y116.507 E2.98353
G1 X113.938 Y118.493 E3.08097
G1 X114.522 Y119.077 E3.11846
G1 X116.507 Y119.894 E3.2159
G1 X117.092 Y120.478 E3.25339
G1 X117.908 Y122.463 E3.35082
G1 X118.493 Y123.047 E3.38832
G1 X120.478 Y123.864 E3.48575
G1 X121.062 Y124.448 E3.52324
G1 X121.879 Y126.433 E3.62068
G1 X122.008 Y126.563 E3.629
G1 X125.979 Y126.563 E3.80921
G1 X125.849 Y126.433 E3.81753
G1 X125.032 Y124.448 E3.91497
G1 X124.448 Y123.864 E3.95246
G1 X122.463 Y123.047 E4.04989
G1 X121.879 Y122.463 E4.08739
G1 X121.062 Y120.478 E4.18482
G1 X120.478 Y119.894 E4.22231
G1 X118.493 Y119.077 E4.31975
G1 X117.908 Y118.493 E4.35724
G1 X117.092 Y116.507 E4.45468
G1 X116.507 Y115.923 E4.49217
G1 X114.522 Y115.106 E4.5896
G1 X113.938 Y114.522 E4.6271
G1 X113.121 Y112.537 E4.72453
G1 X112.537 Y111.953 E4.76203
G1 X110.552 Y111.136 E4.85946
G1 X109.968 Y110.552 E4.89695
G1 X109.151 Y108.567 E4.99439
G1 X109.021 Y108.437 E5.00271
G1 X112.992 Y108.437 E5.18292
G1 X113.121 Y108.567 E5.19124
G1 X113.938 Y110.552 E5.28867
G1 X114.522 Y111.136 E5.32617
G1 X116.507 Y111.953 E5.4236
G1 X117.092 Y112.537 E5.4611
G1 X117.908 Y114.522 E5.55853
G1 X118.493 Y115.106 E5.59602
G1 X120.478 Y115.923 E5.69346
G1 X121.062 Y116.507 E5.73095
G1 X121.879 Y118.493 E5.82839
G1 X122.463 Y119.077 E5.86588
G1 X124.448 Y119.894 E5.96331
G1 X125.032 Y120.478 E6.00081
G1 X125.849 Y122.463 E6.09824
G1 X126.433 Y123.047 E6.13574
G1 X126.563 Y123.1 E6.1421
G1 X126.563 Y119.13 E6.32231
G1 X126.433 Y119.077 E6.32867
G1 X125.849 Y118.493 E6.36616
G1 X125.032 Y116.507 E6.4636
G1 X124.448 Y115.923 E6.50109
G1 X122.463 Y115.106 E6.59852
G1 X121.879 Y114.522 E6.63602
G1 X121.062 Y112.537 E6.73345
G1 X120.478 Y111.953 E6.77095
G1 X118.493 Y111.136 E6.86838
G1 X117.908 Y110.552 E6.90587
G1 X117.092 Y108.567 E7.00331
G1 X116.962 Y108.437 E7.01163
G1 X120.932 Y108.437 E7.19184
G1 X121.062 Y108.567 E7.20016
G1 X121.879 Y110.552 E7.29759
G1 X122.463 Y111.136 E7.33509
G1 X124.448 Y111.953 E7.43252
G1 X125.032 Y112.537 E7.47002
G1 X125.849 Y114.522 E7.56745
G1 X126.433 Y115.106 E7.60494
G1 X126.563 Y115.16 E7.61131
G1 X126.563 Y111.19 E7.79151
G1 X126.433 Y111.136 E7.79788
G1 X125.849 Y110.552 E7.83537
G1 X125.032 Y108.567 E7.9328
G1 X124.902 Y108.437 E7.94113
G1 X126.462 Y108.437 E8.01192
; stop printing object test_cube.stl id:0 copy 0
M106 S204
;LAYER_CHANGE
;Z:2.72
;HEIGHT:0.28
;_SET_FAN_SPEED_CHANGING_LAYER
; printing object test_cube.stl id:0 copy 0
G1 E7.21192 F1800
G92 E0
G1 X126.625 Y116.068 Z3.12 F9000
G1 X126.855 Y126.855 Z3.12
G1 Z2.72
G1 E.8 F1800
;TYPE:Inner wall
;WIDTH:0.45
G1 F1099.152
G1 X108.145 Y126.855 E1.64925
G1 X108.145 Y108.145 E2.49849
M73 P23 R23
G1 X126.855 Y108.145 E3.34774
G1 X126.855 Y126.815 E4.19517
G1 X127.275 Y127.275 F9000
;TYPE:Outer wall
G1 F1099.152
G1 X107.725 Y127.275 E5.08254
G1 X107.725 Y107.725 E5.96991
G1 X127.275 Y107.725 E6.85728
G1 X127.275 Y127.235 E7.74283
G1 E6.94283 F1800
G92 E0
G1 X119.656 Y126.781 Z3.12 F9000
G1 X115.983 Y126.563 Z3.12
G1 Z2.72
G1 E.8 F1800
;TYPE:Sparse infill
;WIDTH:0.45
G1 F1099.151
G1 X117.543 Y126.563 E.87079
G1 X117.413 Y126.433 E.87911
G1 X117.587 Y124.448 E.96956
G1 X116.507 Y123.369 E1.03882
G1 X114.522 Y123.542 E1.12927
G1 X113.443 Y122.463 E1.19854
G1 X113.616 Y120.478 E1.28898
G1 X112.537 Y119.399 E1.35825
G1 X110.552 Y119.572 E1.44869
G1 X109.473 Y118.493 E1.51796
G1 X109.646 Y116.507 E1.6084
G1 X108.567 Y115.428 E1.67767
G1 X108.437 Y115.44 E1.68357
G1 X108.437 Y111.469 E1.86378
G1 X108.567 Y111.458 E1.86969
G1 X109.646 Y112.537 E1.93895
G1 X109.473 Y114.522 E2.0294
G1 X110.552 Y115.601 E2.09866
G1 X112.537 Y115.428 E2.18911
G1 X113.616 Y116.507 E2.25838
G1 X113.443 Y118.493 E2.34882
G1 X114.522 Y119.572 E2.41809
G1 X116.507 Y119.399 E2.50853
G1 X117.587 Y120.478 E2.5778
G1 X117.413 Y122.463 E2.66824
G1 X118.493 Y123.542 E2.73751
G1 X120.478 Y123.369 E2.82795
G1 X121.557 Y124.448 E2.89722
G1 X121.384 Y126.433 E2.98766
G1 X121.513 Y126.563 E2.99599
G1 X125.484 Y126.563 E3.17619
G1 X125.354 Y126.433 E3.18451
G1 X125.527 Y124.448 E3.27496
G1 X124.448 Y123.369 E3.34422
G1 X122.463 Y123.542 E3.43467
G1 X121.384 Y122.463 E3.50394
G1 X121.557 Y120.478 E3.59438
G1 X120.478 Y119.399 E3.66365
G1 X118.493 Y119.572 E3.75409
G1 X117.413 Y118.493 E3.82336
G1 X117.587 Y116.507 E3.9138
G1 X116.507 Y115.428 E3.98307
G1 X114.522 Y115.601 E4.07351
G1 X113.443 Y114.522 E4.14278
G1 X113.616 Y112.537 E4.23322
G1 X112.537 Y111.458 E4.30249
G1 X110.552 Y111.631 E4.39293
G1 X109.473 Y110.552 E4.4622
G1 X109.646 Y108.567 E4.55264
G1 X109.516 Y108.437 E4.56097
G1 X113.487 Y108.437 E4.74117
G1 X113.616 Y108.567 E4.7495
G1 X113.443 Y110.552 E4.83994
G1 X114.522 Y111.631 E4.90921
G1 X116.507 Y111.458 E4.99965
G1 X117.587 Y112.537 E5.06892
G1 X117.413 Y114.522 E5.15936
G1 X118.493 Y115.601 E5.22863
G1 X120.478 Y115.428 E5.31907
G1 X121.557 Y116.507 E5.38834
G1 X121.384 Y118.493 E5.47878
G1 X122.463 Y119.572 E5.54805
G1 X124.448 Y119.399 E5.63849
G1 X125.527 Y120.478 E5.70776
G1 X125.354 Y122.463 E5.79821
G1 X126.433 Y123.542 E5.86747
G1 X126.563 Y123.531 E5.87338
G1 X126.563 Y119.56 E6.05358
G1 X126.433 Y119.572 E6.05949
G1 X125.354 Y118.493 E6.12876
G1 X125.527 Y116.507 E6.2192
G1 X124.448 Y115.428 E6.28847
G1 X122.463 Y115.601 E6.37891
G1 X121.384 Y114.522 E6.44818
G1 X121.557 Y112.537 E6.53862
G1 X120.478 Y111.458 E6.60789
G1 X118.493 Y111.631 E6.69833
G1 X117.413 Y110.552 E6.7676
G1 X117.587 Y108.567 E6.85805
G1 X117.457 Y108.437 E6.86637
G1 X121.427 Y108.437 E7.04657
G1 X121.557 Y108.567 E7.0549
G1 X121.384 Y110.552 E7.14534
G1 X122.463 Y111.631 E7.21461
G1 X124.448 Y111.458 E7.30505
G1 X125.527 Y112.537 E7.37432
G1 X125.354 Y114.522 E7.46476
G1 X126.433 Y115.601 E7.53403
G1 X126.563 Y115.59 E7.53993
G1 X126.563 Y111.62 E7.72014
G1 X126.433 Y111.631 E7.72605
G1 X125.354 Y110.552 E7.79531
G1 X125.527 Y108.567 E7.88576
G1 X125.397 Y108.437 E7.89408
G1 X126.563 Y108.437 E7.94698
G1 X126.563 Y108.832 E7.96487
G1 X108.437 Y117.85 F9000
G1 F1099.151
G1 X108.437 Y119.41 E8.03567
G1 X108.567 Y119.399 E8.04157
G1 X109.646 Y120.478 E8.11084
G1 X109.473 Y122.463 E8.20128
G1 X110.552 Y123.542 E8.27055
G1 X112.537 Y123.369 E8.36099
G1 X113.616 Y124.448 E8.43026
G1 X113.443 Y126.433 E8.5207
G1 X113.573 Y126.563 E8.52903
G1 X109.603 Y126.563 E8.70923
G1 X109.473 Y126.433 E8.71756
M73 P24 R23
G1 X109.646 Y124.448 E8.808
G1 X108.567 Y123.369 E8.87727
G1 X108.437 Y123.38 E8.88317
G1 X108.437 Y124.94 E8.95396
; stop printing object test_cube.stl id:0 copy 0
M106 S206
;LAYER_CHANGE
;Z:3
;HEIGHT:0.28
;_SET_FAN_SPEED_CHANGING_LAYER
; printing object test_cube.stl id:0 copy 0
G1 E8.15396 F1800
G92 E0
G1 X116.029 Y125.729 Z3.4 F9000
G1 X126.855 Y126.855 Z3.4
G1 Z3
G1 E.8 F1800
;TYPE:Inner wall
;WIDTH:0.45
G1 F1099.152
G1 X108.145 Y126.855 E1.64925
G1 X108.145 Y108.145 E2.49849
G1 X126.855 Y108.145 E3.34774
G1 X126.855 Y126.815 E4.19517
G1 X127.275 Y127.275 F9000
;TYPE:Outer wall
G1 F1099.152
G1 X107.725 Y127.275 E5.08254
G1 X107.725 Y107.725 E5.96991
G1 X127.275 Y107.725 E6.85728
G1 X127.275 Y127.235 E7.74283
G1 E6.94283 F1800
G92 E0
G1 X126.563 Y125.175 Z3.4 F9000
G1 Z3
G1 E.8 F1800
;TYPE:Sparse infill
;WIDTH:0.45
G1 F1099.151
G1 X126.563 Y123.616 E.87079
G1 X126.433 Y123.64 E.87678
G1 X125.625 Y124.448 E.92865
G1 X125.256 Y126.433 E1.0203
G1 X125.126 Y126.563 E1.02862
G1 X121.156 Y126.563 E1.20882
G1 X121.286 Y126.433 E1.21715
G1 X121.655 Y124.448 E1.30879
G1 X122.463 Y123.64 E1.36066
G1 X124.448 Y123.271 E1.45231
G1 X125.256 Y122.463 E1.50418
G1 X125.625 Y120.478 E1.59583
G1 X126.433 Y119.67 E1.6477
G1 X126.563 Y119.645 E1.65369
G1 X126.563 Y121.205 E1.72448
G1 X115.626 Y126.563 F9000
G1 F1099.151
G1 X117.186 Y126.563 E1.79527
G1 X117.316 Y126.433 E1.80359
G1 X117.684 Y124.448 E1.89524
G1 X118.493 Y123.64 E1.94711
G1 X120.478 Y123.271 E2.03876
G1 X121.286 Y122.463 E2.09063
G1 X121.655 Y120.478 E2.18228
G1 X122.463 Y119.67 E2.23415
G1 X124.448 Y119.301 E2.32579
G1 X125.256 Y118.493 E2.37767
G1 X125.625 Y116.507 E2.46931
G1 X126.433 Y115.699 E2.52118
G1 X126.563 Y115.675 E2.52717
G1 X126.563 Y111.705 E2.70738
G1 X126.433 Y111.729 E2.71336
G1 X125.625 Y112.537 E2.76523
G1 X125.256 Y114.522 E2.85688
G1 X124.448 Y115.33 E2.90875
G1 X122.463 Y115.699 E3.0004
G1 X121.655 Y116.507 E3.05227
G1 X121.286 Y118.493 E3.14392
G1 X120.478 Y119.301 E3.19579
G1 X118.493 Y119.67 E3.28743
G1 X117.684 Y120.478 E3.33931
G1 X117.316 Y122.463 E3.43095
G1 X116.507 Y123.271 E3.48282
G1 X114.522 Y123.64 E3.57447
G1 X113.714 Y124.448 E3.62634
G1 X113.345 Y126.433 E3.71799
G1 X113.216 Y126.563 E3.72631
G1 X109.245 Y126.563 E3.90652
G1 X109.375 Y126.433 E3.91484
G1 X109.744 Y124.448 E4.00649
G1 X110.552 Y123.64 E4.05836
G1 X112.537 Y123.271 E4.15
G1 X113.345 Y122.463 E4.20188
G1 X113.714 Y120.478 E4.29352
G1 X114.522 Y119.67 E4.34539
G1 X116.507 Y119.301 E4.43704
G1 X117.316 Y118.493 E4.48891
G1 X117.684 Y116.507 E4.58056
G1 X118.493 Y115.699 E4.63243
G1 X120.478 Y115.33 E4.72408
G1 X121.286 Y114.522 E4.77595
G1 X121.655 Y112.537 E4.8676
G1 X122.463 Y111.729 E4.91947
G1 X124.448 Y111.36 E5.01111
G1 X125.256 Y110.552 E5.06299
G1 X125.625 Y108.567 E5.15463
G1 X125.755 Y108.437 E5.16295
G1 X121.784 Y108.437 E5.34316
G1 X121.655 Y108.567 E5.35148
G1 X121.286 Y110.552 E5.44313
G1 X120.478 Y111.36 E5.495
G1 X118.493 Y111.729 E5.58665
G1 X117.684 Y112.537 E5.63852
G1 X117.316 Y114.522 E5.73017
G1 X116.507 Y115.33 E5.78204
G1 X114.522 Y115.699 E5.87368
G1 X113.714 Y116.507 E5.92556
G1 X113.345 Y118.493 E6.0172
G1 X112.537 Y119.301 E6.06907
G1 X110.552 Y119.67 E6.16072
G1 X109.744 Y120.478 E6.21259
G1 X109.375 Y122.463 E6.30424
G1 X108.567 Y123.271 E6.35611
G1 X108.437 Y123.295 E6.3621
G1 X108.437 Y119.325 E6.5423
G1 X108.567 Y119.301 E6.54829
G1 X109.375 Y118.493 E6.60016
G1 X109.744 Y116.507 E6.69181
G1 X110.552 Y115.699 E6.74368
G1 X112.537 Y115.33 E6.83533
G1 X113.345 Y114.522 E6.8872
G1 X113.714 Y112.537 E6.97884
G1 X114.522 Y111.729 E7.03072
G1 X116.507 Y111.36 E7.12236
G1 X117.316 Y110.552 E7.17423
G1 X117.684 Y108.567 E7.26588
G1 X117.814 Y108.437 E7.2742
G1 X113.844 Y108.437 E7.45441
G1 X113.714 Y108.567 E7.46273
G1 X113.345 Y110.552 E7.55438
G1 X112.537 Y111.36 E7.60625
G1 X110.552 Y111.729 E7.6979
G1 X109.744 Y112.537 E7.74977
G1 X109.375 Y114.522 E7.84141
G1 X108.567 Y115.33 E7.89329
G1 X108.437 Y115.355 E7.89927
G1 X108.437 Y111.384 E8.07948
G1 X108.567 Y111.36 E8.08546
M73 P25 R23
G1 X109.375 Y110.552 E8.13734
G1 X109.744 Y108.567 E8.22898
G1 X109.874 Y108.437 E8.2373
G1 X108.437 Y108.437 E8.3025
G1 X108.437 Y108.561 E8.3081
; stop printing object test_cube.stl id:0 copy 0
M106 S209
;LAYER_CHANGE
;Z:3.28
;HEIGHT:0.28
;_SET_FAN_SPEED_CHANGING_LAYER
; printing object test_cube.stl id:0 copy 0
G1 E7.5081 F1800
G92 E0
G1 X113.852 Y113.94 Z3.68 F9000
G1 X126.855 Y126.855 Z3.68
G1 Z3.28
G1 E.8 F1800
;TYPE:Inner wall
;WIDTH:0.45
G1 F1099.152
G1 X108.145 Y126.855 E1.64925
G1 X108.145 Y108.145 E2.49849
G1 X126.855 Y108.145 E3.34774
G1 X126.855 Y126.815 E4.19517
G1 X127.275 Y127.275 F9000
M73 P25 R22
;TYPE:Outer wall
G1 F1099.152
G1 X107.725 Y127.275 E5.08254
G1 X107.725 Y107.725 E5.96991
G1 X127.275 Y107.725 E6.85728
G1 X127.275 Y127.235 E7.74283
G1 X126.191 Y126.563 F9000
;TYPE:Sparse infill
;WIDTH:0.45
G1 F1099.151
G1 X124.631 Y126.563 E7.81362
G1 X124.761 Y126.433 E7.82194
G1 X126.12 Y124.448 E7.93114
G1 X126.433 Y124.135 E7.95123
G1 X126.563 Y124.046 E7.95837
G1 X126.563 Y120.076 E8.13857
G1 X126.433 Y120.165 E8.1457
G1 X126.12 Y120.478 E8.1658
G1 X124.761 Y122.463 E8.27499
G1 X124.448 Y122.776 E8.29509
G1 X122.463 Y124.135 E8.40429
G1 X122.15 Y124.448 E8.42439
G1 X120.791 Y126.433 E8.53358
G1 X120.661 Y126.563 E8.5419
G1 X116.691 Y126.563 E8.72211
G1 X116.821 Y126.433 E8.73043
G1 X118.179 Y124.448 E8.83962
G1 X118.493 Y124.135 E8.85972
G1 X120.478 Y122.776 E8.96891
G1 X120.791 Y122.463 E8.98901
G1 X122.15 Y120.478 E9.0982
G1 X122.463 Y120.165 E9.1183
G1 X124.448 Y118.806 E9.22749
G1 X124.761 Y118.493 E9.24759
G1 X126.12 Y116.507 E9.35679
G1 X126.433 Y116.194 E9.37688
G1 X126.563 Y116.106 E9.38402
G1 X126.563 Y112.135 E9.56422
G1 X126.433 Y112.224 E9.57135
G1 X126.12 Y112.537 E9.59145
G1 X124.761 Y114.522 E9.70065
G1 X124.448 Y114.835 E9.72074
G1 X122.463 Y116.194 E9.82994
G1 X122.15 Y116.507 E9.85004
G1 X120.791 Y118.493 E9.95923
G1 X120.478 Y118.806 E9.97933
G1 X118.493 Y120.165 E10.08852
G1 X118.179 Y120.478 E10.10862
G1 X116.821 Y122.463 E10.21781
G1 X116.507 Y122.776 E10.23791
G1 X114.522 Y124.135 E10.3471
G1 X114.209 Y124.448 E10.3672
G1 X112.85 Y126.433 E10.47639
G1 X112.721 Y126.563 E10.48471
G1 X108.751 Y126.563 E10.66492
G1 X108.88 Y126.433 E10.67324
G1 X110.239 Y124.448 E10.78244
G1 X110.552 Y124.135 E10.80253
G1 X112.537 Y122.776 E10.91173
G1 X112.85 Y122.463 E10.93183
G1 X114.209 Y120.478 E11.04102
G1 X114.522 Y120.165 E11.06112
G1 X116.507 Y118.806 E11.17031
G1 X116.821 Y118.493 E11.19041
G1 X118.179 Y116.507 E11.2996
G1 X118.493 Y116.194 E11.3197
G1 X120.478 Y114.835 E11.42889
G1 X120.791 Y114.522 E11.44899
G1 X122.15 Y112.537 E11.55818
G1 X122.463 Y112.224 E11.57828
G1 X124.448 Y110.865 E11.68747
G1 X124.761 Y110.552 E11.70757
G1 X126.12 Y108.567 E11.81677
G1 X126.249 Y108.437 E11.82509
G1 X122.279 Y108.437 E12.00529
G1 X122.15 Y108.567 E12.01362
G1 X120.791 Y110.552 E12.12281
G1 X120.478 Y110.865 E12.14291
G1 X118.493 Y112.224 E12.2521
G1 X118.179 Y112.537 E12.2722
G1 X116.821 Y114.522 E12.38139
G1 X116.507 Y114.835 E12.40149
G1 X114.522 Y116.194 E12.51068
G1 X114.209 Y116.507 E12.53078
G1 X112.85 Y118.493 E12.63997
G1 X112.537 Y118.806 E12.66007
G1 X110.552 Y120.165 E12.76927
G1 X110.239 Y120.478 E12.78936
G1 X108.88 Y122.463 E12.89856
G1 X108.567 Y122.776 E12.91866
G1 X108.437 Y122.865 E12.92579
G1 X108.437 Y118.894 E13.10599
G1 X108.567 Y118.806 E13.11312
G1 X108.88 Y118.493 E13.13322
G1 X110.239 Y116.507 E13.24242
G1 X110.552 Y116.194 E13.26252
G1 X112.537 Y114.835 E13.37171
G1 X112.85 Y114.522 E13.39181
G1 X114.209 Y112.537 E13.501
G1 X114.522 Y112.224 E13.5211
G1 X116.507 Y110.865 E13.63029
G1 X116.821 Y110.552 E13.65039
G1 X118.179 Y108.567 E13.75958
G1 X118.309 Y108.437 E13.7679
G1 X114.339 Y108.437 E13.94811
G1 X114.209 Y108.567 E13.95643
G1 X112.85 Y110.552 E14.06562
G1 X112.537 Y110.865 E14.08572
G1 X110.552 Y112.224 E14.19492
G1 X110.239 Y112.537 E14.21501
G1 X108.88 Y114.522 E14.32421
G1 X108.567 Y114.835 E14.34431
G1 X108.437 Y114.924 E14.35144
G1 X108.437 Y110.954 E14.53164
G1 X108.567 Y110.865 E14.53878
G1 X108.88 Y110.552 E14.55887
G1 X110.239 Y108.567 E14.66807
G1 X110.369 Y108.437 E14.67639
G1 X108.809 Y108.437 E14.74718
; stop printing object test_cube.stl id:0 copy 0
;LAYER_CHANGE
;Z:3.56
;HEIGHT:0.28
;_SET_FAN_SPEED_CHANGING_LAYER
; printing object test_cube.stl id:0 copy 0
G1 E13.94718 F1800
G92 E0
G1 X114.151 Y113.889 Z3.96 F9000
G1 X126.855 Y126.855 Z3.96
G1 Z3.56
G1 E.8 F1800
;TYPE:Inner wall
;WIDTH:0.45
G1 F1099.152
G1 X108.145 Y126.855 E1.64925
G1 X108.145 Y108.145 E2.49849
M73 P26 R22
G1 X126.855 Y108.145 E3.34774
G1 X126.855 Y126.815 E4.19517
G1 X127.275 Y127.275 F9000
;TYPE:Outer wall
G1 F1099.152
G1 X107.725 Y127.275 E5.08254
G1 X107.725 Y107.725 E5.96991
G1 X127.275 Y107.725 E6.85728
G1 X127.275 Y127.235 E7.74283
G1 X125.878 Y126.563 F9000
;TYPE:Sparse infill
;WIDTH:0.45
G1 F1099.151
G1 X124.318 Y126.563 E7.81362
G1 X126.563 Y124.318 E7.95769
G1 X126.563 Y120.348 E8.1379
G1 X120.348 Y126.563 E8.53682
G1 X116.378 Y126.563 E8.71702
G1 X126.563 Y116.378 E9.3708
G1 X126.563 Y112.408 E9.551
G1 X112.408 Y126.563 E10.45963
G1 X110.848 Y126.563 E10.53042
G1 X108.437 Y117.063 F9000
G1 F1099.151
G1 X108.437 Y118.622 E10.60121
G1 X118.622 Y108.437 E11.25498
G1 X114.652 Y108.437 E11.43519
G1 X108.437 Y114.652 E11.83411
G1 X108.437 Y110.682 E12.01431
G1 X110.682 Y108.437 E12.15838
G1 X109.122 Y108.437 E12.22918
G1 X124.152 Y108.437 F9000
G1 F1099.151
G1 X122.592 Y108.437 E12.29997
G1 X108.437 Y122.592 E13.20859
G1 X108.437 Y126.563 E13.3888
G1 X126.563 Y108.437 E14.55227
G1 X126.563 Y109.997 E14.62306
; stop printing object test_cube.stl id:0 copy 0
;LAYER_CHANGE
;Z:3.84
;HEIGHT:0.28
;_SET_FAN_SPEED_CHANGING_LAYER
; printing object test_cube.stl id:0 copy 0
G1 E13.82306 F1800
G92 E0
G1 X126.695 Y117.628 Z4.24 F9000
G1 X126.855 Y126.855 Z4.24
G1 Z3.84
G1 E.8 F1800
;TYPE:Inner wall
;WIDTH:0.45
G1 F1099.152
G1 X108.145 Y126.855 E1.64925
G1 X108.145 Y108.145 E2.49849
M73 P27 R22
G1 X126.855 Y108.145 E3.34774
G1 X126.855 Y126.815 E4.19517
G1 X127.275 Y127.275 F9000
;TYPE:Outer wall
G1 F1099.152
G1 X107.725 Y127.275 E5.08254
G1 X107.725 Y107.725 E5.96991
G1 X127.275 Y107.725 E6.85728
G1 X127.275 Y127.235 E7.74283
G1 X125.878 Y126.563 F9000
;TYPE:Sparse infill
;WIDTH:0.45
G1 F1099.151
G1 X124.318 Y126.563 E7.81362
G1 X126.563 Y124.318 E7.95769
G1 X126.563 Y120.348 E8.1379
G1 X120.348 Y126.563 E8.53682
G1 X116.378 Y126.563 E8.71702
G1 X126.563 Y116.378 E9.3708
G1 X126.563 Y112.408 E9.551
G1 X112.408 Y126.563 E10.45963
G1 X110.848 Y126.563 E10.53042
G1 X108.437 Y117.063 F9000
G1 F1099.151
G1 X108.437 Y118.622 E10.60121
G1 X118.622 Y108.437 E11.25498
G1 X114.652 Y108.437 E11.43519
G1 X108.437 Y114.652 E11.83411
G1 X108.437 Y110.682 E12.01431
G1 X110.682 Y108.437 E12.15838
G1 X109.122 Y108.437 E12.22918
G1 X124.152 Y108.437 F9000
G1 F1099.151
G1 X122.592 Y108.437 E12.29997
G1 X108.437 Y122.592 E13.20859
G1 X108.437 Y126.563 E13.3888
G1 X126.563 Y108.437 E14.55227
G1 X126.563 Y109.997 E14.62306
; stop printing object test_cube.stl id:0 copy 0
;LAYER_CHANGE
;Z:4.12
;HEIGHT:0.28
;_SET_FAN_SPEED_CHANGING_LAYER
; printing object test_cube.stl id:0 copy 0
G1 E13.82306 F1800
G92 E0
G1 X126.695 Y117.628 Z4.52 F9000
G1 X126.855 Y126.855 Z4.52
G1 Z4.12
G1 E.8 F1800
;TYPE:Inner wall
;WIDTH:0.45
G1 F1099.152
G1 X108.145 Y126.855 E1.64925
G1 X108.145 Y108.145 E2.49849
G1 X126.855 Y108.145 E3.34774
M73 P28 R22
G1 X126.855 Y126.815 E4.19517
G1 X127.275 Y127.275 F9000
;TYPE:Outer wall
G1 F1099.152
G1 X107.725 Y127.275 E5.08254
G1 X107.725 Y107.725 E5.96991
G1 X127.275 Y107.725 E6.85728
G1 X127.275 Y127.235 E7.74283
G1 X125.878 Y126.563 F9000
;TYPE:Sparse infill
;WIDTH:0.45
G1 F1099.151
G1 X124.318 Y126.563 E7.81362
G1 X126.563 Y124.318 E7.95769
G1 X126.563 Y120.348 E8.1379
G1 X120.348 Y126.563 E8.53682
G1 X116.378 Y126.563 E8.71702
G1 X126.563 Y116.378 E9.3708
G1 X126.563 Y112.408 E9.551
M73 P28 R21
G1 X112.408 Y126.563 E10.45963
G1 X110.848 Y126.563 E10.53042
G1 X108.437 Y117.063 F9000
G1 F1099.151
G1 X108.437 Y118.622 E10.60121
G1 X118.622 Y108.437 E11.25498
G1 X114.652 Y108.437 E11.43519
G1 X108.437 Y114.652 E11.83411
G1 X108.437 Y110.682 E12.01431
G1 X110.682 Y108.437 E12.15838
G1 X109.122 Y108.437 E12.22918
G1 X124.152 Y108.437 F9000
G1 F1099.151
G1 X122.592 Y108.437 E12.29997
G1 X108.437 Y122.592 E13.20859
G1 X108.437 Y126.563 E13.3888
G1 X126.563 Y108.437 E14.55227
G1 X126.563 Y109.997 E14.62306
; stop printing object test_cube.stl id:0 copy 0
;LAYER_CHANGE
;Z:4.4
;HEIGHT:0.28
;_SET_FAN_SPEED_CHANGING_LAYER
; printing object test_cube.stl id:0 copy 0
G1 E13.82306 F1800
G92 E0
G1 X126.695 Y117.628 Z4.8 F9000
G1 X126.855 Y126.855 Z4.8
G1 Z4.4
G1 E.8 F1800
;TYPE:Inner wall
;WIDTH:0.45
G1 F1099.152
G1 X108.145 Y126.855 E1.64925
G1 X108.145 Y108.145 E2.49849
G1 X126.855 Y108.145 E3.34774
G1 X126.855 Y126.815 E4.19517
M73 P29 R21
G1 X127.275 Y127.275 F9000
;TYPE:Outer wall
G1 F1099.152
G1 X107.725 Y127.275 E5.08254
G1 X107.725 Y107.725 E5.96991
G1 X127.275 Y107.725 E6.85728
G1 X127.275 Y127.235 E7.74283
G1 X125.878 Y126.563 F9000
;TYPE:Sparse infill
;WIDTH:0.45
G1 F1099.151
G1 X124.318 Y126.563 E7.81362
G1 X126.563 Y124.318 E7.95769
G1 X126.563 Y120.348 E8.1379
G1 X120.348 Y126.563 E8.53682
G1 X116.378 Y126.563 E8.71702
G1 X126.563 Y116.378 E9.3708
G1 X126.563 Y112.408 E9.551
G1 X112.408 Y126.563 E10.45963
G1 X110.848 Y126.563 E10.53042
G1 X108.437 Y117.063 F9000
G1 F1099.151
G1 X108.437 Y118.622 E10.60121
G1 X118.622 Y108.437 E11.25498
G1 X114.652 Y108.437 E11.43519
G1 X108.437 Y114.652 E11.83411
G1 X108.437 Y110.682 E12.01431
G1 X110.682 Y108.437 E12.15838
G1 X109.122 Y108.437 E12.22918
G1 X124.152 Y108.437 F9000
G1 F1099.151
G1 X122.592 Y108.437 E12.29997
G1 X108.437 Y122.592 E13.20859
G1 X108.437 Y126.563 E13.3888
G1 X126.563 Y108.437 E14.55227
G1 X126.563 Y109.997 E14.62306
; stop printing object test_cube.stl id:0 copy 0
;LAYER_CHANGE
;Z:4.68
;HEIGHT:0.28
;_SET_FAN_SPEED_CHANGING_LAYER
; printing object test_cube.stl id:0 copy 0
G1 E13.82306 F1800
G92 E0
G1 X126.695 Y117.628 Z5.08 F9000
G1 X126.855 Y126.855 Z5.08
G1 Z4.68
G1 E.8 F1800
;TYPE:Inner wall
;WIDTH:0.45
G1 F1099.152
G1 X108.145 Y126.855 E1.64925
G1 X108.145 Y108.145 E2.49849
G1 X126.855 Y108.145 E3.34774
G1 X126.855 Y126.815 E4.19517
M73 P30 R21
G1 X127.275 Y127.275 F9000
;TYPE:Outer wall
G1 F1099.152
G1 X107.725 Y127.275 E5.08254
G1 X107.725 Y107.725 E5.96991
G1 X127.275 Y107.725 E6.85728
G1 X127.275 Y127.235 E7.74283
G1 X125.878 Y126.563 F9000
;TYPE:Sparse infill
;WIDTH:0.45
G1 F1099.151
G1 X124.318 Y126.563 E7.81362
G1 X126.563 Y124.318 E7.95769
G1 X126.563 Y120.348 E8.1379
G1 X120.348 Y126.563 E8.53682
G1 X116.378 Y126.563 E8.71702
G1 X126.563 Y116.378 E9.3708
G1 X126.563 Y112.408 E9.551
G1 X112.408 Y126.563 E10.45963
G1 X110.848 Y126.563 E10.53042
G1 X108.437 Y117.063 F9000
G1 F1099.151
G1 X108.437 Y118.622 E10.60121
G1 X118.622 Y108.437 E11.25498
G1 X114.652 Y108.437 E11.43519
G1 X108.437 Y114.652 E11.83411
G1 X108.437 Y110.682 E12.01431
G1 X110.682 Y108.437 E12.15838
G1 X109.122 Y108.437 E12.22918
G1 X124.152 Y108.437 F9000
G1 F1099.151
G1 X122.592 Y108.437 E12.29997
G1 X108.437 Y122.592 E13.20859
G1 X108.437 Y126.563 E13.3888
G1 X126.563 Y108.437 E14.55227
G1 X126.563 Y109.997 E14.62306
; stop printing object test_cube.stl id:0 copy 0
;LAYER_CHANGE
;Z:4.96
;HEIGHT:0.28
;_SET_FAN_SPEED_CHANGING_LAYER
; printing object test_cube.stl id:0 copy 0
G1 E13.82306 F1800
G92 E0
G1 X126.695 Y117.628 Z5.36 F9000
G1 X126.855 Y126.855 Z5.36
G1 Z4.96
G1 E.8 F1800
;TYPE:Inner wall
;WIDTH:0.45
G1 F1099.152
G1 X108.145 Y126.855 E1.64925
G1 X108.145 Y108.145 E2.49849
G1 X126.855 Y108.145 E3.34774
G1 X126.855 Y126.815 E4.19517
G1 X127.275 Y127.275 F9000
M73 P31 R21
;TYPE:Outer wall
G1 F1099.152
G1 X107.725 Y127.275 E5.08254
G1 X107.725 Y107.725 E5.96991
G1 X127.275 Y107.725 E6.85728
G1 X127.275 Y127.235 E7.74283
G1 X126.313 Y126.563 F9000
;TYPE:Sparse infill
;WIDTH:0.45
G1 F1099.151
G1 X124.753 Y126.563 E7.81362
G1 X124.883 Y126.433 E7.82194
G1 X125.998 Y124.448 E7.92528
G1 X126.433 Y124.013 E7.95322
G1 X126.563 Y123.94 E7.95997
G1 X126.563 Y119.97 E8.14017
G1 X126.433 Y120.042 E8.14692
G1 X125.998 Y120.478 E8.17486
G1 X124.883 Y122.463 E8.2782
G1 X124.448 Y122.898 E8.30613
G1 X122.463 Y124.013 E8.40947
G1 X122.028 Y124.448 E8.43741
G1 X120.913 Y126.433 E8.54074
G1 X120.783 Y126.563 E8.54906
G1 X116.813 Y126.563 E8.72927
G1 X116.943 Y126.433 E8.73759
G1 X118.057 Y124.448 E8.84093
G1 X118.493 Y124.013 E8.86887
G1 X120.478 Y122.898 E8.9722
G1 X120.913 Y122.463 E9.00014
G1 X122.028 Y120.478 E9.10348
G1 X122.463 Y120.042 E9.13142
G1 X124.448 Y118.928 E9.23475
G1 X124.883 Y118.493 E9.26269
G1 X125.998 Y116.507 E9.36602
G1 X126.433 Y116.072 E9.39396
G1 X126.563 Y115.999 E9.40071
G1 X126.563 Y112.029 E9.58092
G1 X126.433 Y112.102 E9.58767
G1 X125.998 Y112.537 E9.61561
G1 X124.883 Y114.522 E9.71894
G1 X124.448 Y114.958 E9.74688
G1 X122.463 Y116.072 E9.85021
G1 X122.028 Y116.507 E9.87815
G1 X120.913 Y118.493 E9.98149
G1 X120.478 Y118.928 E10.00943
G1 X118.493 Y120.042 E10.11276
G1 X118.057 Y120.478 E10.1407
G1 X116.943 Y122.463 E10.24404
G1 X116.507 Y122.898 E10.27197
G1 X114.522 Y124.013 E10.37531
G1 X114.087 Y124.448 E10.40325
G1 X112.972 Y126.433 E10.50658
G1 X112.843 Y126.563 E10.51491
G1 X108.873 Y126.563 E10.69511
G1 X109.002 Y126.433 E10.70343
G1 X110.117 Y124.448 E10.80677
G1 X110.552 Y124.013 E10.83471
G1 X112.537 Y122.898 E10.93804
G1 X112.972 Y122.463 E10.96598
G1 X114.087 Y120.478 E11.06932
G1 X114.522 Y120.042 E11.09726
G1 X116.507 Y118.928 E11.20059
G1 X116.943 Y118.493 E11.22853
G1 X118.057 Y116.507 E11.33187
G1 X118.493 Y116.072 E11.3598
G1 X120.478 Y114.958 E11.46314
G1 X120.913 Y114.522 E11.49108
G1 X122.028 Y112.537 E11.59441
G1 X122.463 Y112.102 E11.62235
G1 X124.448 Y110.987 E11.72569
G1 X124.883 Y110.552 E11.75363
G1 X125.998 Y108.567 E11.85696
G1 X126.127 Y108.437 E11.86528
G1 X122.157 Y108.437 E12.04549
G1 X122.028 Y108.567 E12.05381
G1 X120.913 Y110.552 E12.15715
G1 X120.478 Y110.987 E12.18509
G1 X118.493 Y112.102 E12.28842
G1 X118.057 Y112.537 E12.31636
G1 X116.943 Y114.522 E12.4197
G1 X116.507 Y114.958 E12.44763
G1 X114.522 Y116.072 E12.55097
G1 X114.087 Y116.507 E12.57891
G1 X112.972 Y118.493 E12.68224
G1 X112.537 Y118.928 E12.71018
G1 X110.552 Y120.042 E12.81352
G1 X110.117 Y120.478 E12.84146
G1 X109.002 Y122.463 E12.94479
G1 X108.567 Y122.898 E12.97273
G1 X108.437 Y122.971 E12.97948
G1 X108.437 Y119.001 E13.15968
G1 X108.567 Y118.928 E13.16643
G1 X109.002 Y118.493 E13.19437
G1 X110.117 Y116.507 E13.29771
G1 X110.552 Y116.072 E13.32565
G1 X112.537 Y114.958 E13.42898
G1 X112.972 Y114.522 E13.45692
G1 X114.087 Y112.537 E13.56026
G1 X114.522 Y112.102 E13.58819
G1 X116.507 Y110.987 E13.69153
G1 X116.943 Y110.552 E13.71947
G1 X118.057 Y108.567 E13.8228
G1 X118.187 Y108.437 E13.83112
G1 X114.217 Y108.437 E14.01133
G1 X114.087 Y108.567 E14.01965
G1 X112.972 Y110.552 E14.12299
G1 X112.537 Y110.987 E14.15093
G1 X110.552 Y112.102 E14.25426
G1 X110.117 Y112.537 E14.2822
G1 X109.002 Y114.522 E14.38554
G1 X108.567 Y114.958 E14.41348
G1 X108.437 Y115.03 E14.42022
G1 X108.437 Y111.06 E14.60043
G1 X108.567 Y110.987 E14.60718
G1 X109.002 Y110.552 E14.63512
G1 X110.117 Y108.567 E14.73845
G1 X110.247 Y108.437 E14.74678
G1 X108.687 Y108.437 E14.81757
; stop printing object test_cube.stl id:0 copy 0
M106 S206
;LAYER_CHANGE
;Z:5.24
;HEIGHT:0.28
;_SET_FAN_SPEED_CHANGING_LAYER
; printing object test_cube.stl id:0 copy 0
G1 E14.01757 F1800
G92 E0
G1 X114.047 Y113.871 Z5.64 F9000
G1 X126.855 Y126.855 Z5.64
M73 P31 R20
G1 Z5.24
G1 E.8 F1800
;TYPE:Inner wall
;WIDTH:0.45
G1 F1099.152
G1 X108.145 Y126.855 E1.64925
G1 X108.145 Y108.145 E2.49849
G1 X126.855 Y108.145 E3.34774
G1 X126.855 Y126.815 E4.19517
G1 X127.275 Y127.275 F9000
;TYPE:Outer wall
G1 F1099.152
G1 X107.725 Y127.275 E5.08254
G1 X107.725 Y107.725 E5.96991
M73 P32 R20
G1 X127.275 Y107.725 E6.85728
G1 X127.275 Y127.235 E7.74283
G1 X126.563 Y126.317 F9000
;TYPE:Sparse infill
;WIDTH:0.45
G1 F1099.151
G1 X126.563 Y126.563 E7.75397
G1 X125.248 Y126.563 E7.81362
G1 X125.378 Y126.433 E7.82194
G1 X125.503 Y124.448 E7.91222
G1 X126.433 Y123.518 E7.97194
G1 X126.563 Y123.51 E7.97783
G1 X126.563 Y119.539 E8.15804
G1 X126.433 Y119.547 E8.16393
G1 X125.503 Y120.478 E8.22365
G1 X125.378 Y122.463 E8.31393
G1 X124.448 Y123.393 E8.37364
G1 X122.463 Y123.518 E8.46392
G1 X121.533 Y124.448 E8.52363
G1 X121.408 Y126.433 E8.61391
G1 X121.278 Y126.563 E8.62223
G1 X117.308 Y126.563 E8.80244
G1 X117.438 Y126.433 E8.81076
G1 X117.562 Y124.448 E8.90104
G1 X118.493 Y123.518 E8.96075
G1 X120.478 Y123.393 E9.05103
G1 X121.408 Y122.463 E9.11074
G1 X121.533 Y120.478 E9.20103
G1 X122.463 Y119.547 E9.26074
G1 X124.448 Y119.423 E9.35102
G1 X125.378 Y118.493 E9.41073
G1 X125.503 Y116.507 E9.50101
G1 X126.433 Y115.577 E9.56072
G1 X126.563 Y115.569 E9.56662
G1 X126.563 Y111.599 E9.74682
G1 X126.433 Y111.607 E9.75272
G1 X125.503 Y112.537 E9.81243
G1 X125.378 Y114.522 E9.90271
G1 X124.448 Y115.453 E9.96242
G1 X122.463 Y115.577 E10.0527
G1 X121.533 Y116.507 E10.11241
G1 X121.408 Y118.493 E10.2027
G1 X120.478 Y119.423 E10.26241
G1 X118.493 Y119.547 E10.35269
G1 X117.562 Y120.478 E10.4124
G1 X117.438 Y122.463 E10.50268
G1 X116.507 Y123.393 E10.56239
G1 X114.522 Y123.518 E10.65267
G1 X113.592 Y124.448 E10.71238
G1 X113.467 Y126.433 E10.80266
G1 X113.338 Y126.563 E10.81099
G1 X109.368 Y126.563 E10.99119
G1 X109.497 Y126.433 E10.99951
G1 X109.622 Y124.448 E11.0898
G1 X110.552 Y123.518 E11.14951
G1 X112.537 Y123.393 E11.23979
G1 X113.467 Y122.463 E11.2995
G1 X113.592 Y120.478 E11.38978
G1 X114.522 Y119.547 E11.44949
G1 X116.507 Y119.423 E11.53977
G1 X117.438 Y118.493 E11.59948
G1 X117.562 Y116.507 E11.68976
G1 X118.493 Y115.577 E11.74947
G1 X120.478 Y115.453 E11.83975
G1 X121.408 Y114.522 E11.89947
G1 X121.533 Y112.537 E11.98975
G1 X122.463 Y111.607 E12.04946
G1 X124.448 Y111.482 E12.13974
G1 X125.378 Y110.552 E12.19945
G1 X125.503 Y108.567 E12.28973
G1 X125.632 Y108.437 E12.29805
G1 X121.662 Y108.437 E12.47826
G1 X121.533 Y108.567 E12.48658
G1 X121.408 Y110.552 E12.57686
G1 X120.478 Y111.482 E12.63657
G1 X118.493 Y111.607 E12.72685
G1 X117.562 Y112.537 E12.78657
G1 X117.438 Y114.522 E12.87685
G1 X116.507 Y115.453 E12.93656
G1 X114.522 Y115.577 E13.02684
G1 X113.592 Y116.507 E13.08655
G1 X113.467 Y118.493 E13.17683
G1 X112.537 Y119.423 E13.23654
G1 X110.552 Y119.547 E13.32682
G1 X109.622 Y120.478 E13.38653
G1 X109.497 Y122.463 E13.47681
G1 X108.567 Y123.393 E13.53653
G1 X108.437 Y123.401 E13.54242
G1 X108.437 Y119.431 E13.72263
G1 X108.567 Y119.423 E13.72852
G1 X109.497 Y118.493 E13.78824
G1 X109.622 Y116.507 E13.87852
G1 X110.552 Y115.577 E13.93823
G1 X112.537 Y115.453 E14.02851
G1 X113.467 Y114.522 E14.08822
G1 X113.592 Y112.537 E14.1785
G1 X114.522 Y111.607 E14.23821
G1 X116.507 Y111.482 E14.32849
G1 X117.438 Y110.552 E14.3882
G1 X117.562 Y108.567 E14.47848
G1 X117.692 Y108.437 E14.48681
G1 X113.722 Y108.437 E14.66701
G1 X113.592 Y108.567 E14.67533
G1 X113.467 Y110.552 E14.76562
G1 X112.537 Y111.482 E14.82533
G1 X110.552 Y111.607 E14.91561
G1 X109.622 Y112.537 E14.97532
G1 X109.497 Y114.522 E15.0656
G1 X108.567 Y115.453 E15.12531
G1 X108.437 Y115.461 E15.13121
G1 X108.437 Y111.49 E15.31141
G1 X108.567 Y111.482 E15.31731
G1 X109.497 Y110.552 E15.37702
G1 X109.622 Y108.567 E15.4673
G1 X109.752 Y108.437 E15.47562
G1 X108.437 Y108.437 E15.53527
G1 X108.437 Y108.683 E15.54642
; stop printing object test_cube.stl id:0 copy 0
;LAYER_CHANGE
;Z:5.52
;HEIGHT:0.28
;_SET_FAN_SPEED_CHANGING_LAYER
; printing object test_cube.stl id:0 copy 0
G1 E14.74642 F1800
G92 E0
G1 X113.87 Y114.043 Z5.92 F9000
G1 X126.855 Y126.855 Z5.92
G1 Z5.52
G1 E.8 F1800
;TYPE:Inner wall
;WIDTH:0.45
G1 F1099.152
G1 X108.145 Y126.855 E1.64925
G1 X108.145 Y108.145 E2.49849
G1 X126.855 Y108.145 E3.34774
G1 X126.855 Y126.815 E4.19517
G1 X127.275 Y127.275 F9000
;TYPE:Outer wall
G1 F1099.152
G1 X107.725 Y127.275 E5.08254
G1 X107.725 Y107.725 E5.96991
M73 P33 R20
G1 X127.275 Y107.725 E6.85728
G1 X127.275 Y127.235 E7.74283
G1 E6.94283 F1800
G92 E0
G1 X119.656 Y126.776 Z5.92 F9000
G1 X116.106 Y126.563 Z5.92
G1 Z5.52
G1 E.8 F1800
;TYPE:Sparse infill
;WIDTH:0.45
G1 F1099.151
G1 X117.665 Y126.563 E.87079
G1 X117.536 Y126.433 E.87911
G1 X117.464 Y124.448 E.96928
G1 X116.507 Y123.491 E1.0307
G1 X114.522 Y123.42 E1.12086
G1 X113.565 Y122.463 E1.18229
G1 X113.494 Y120.478 E1.27245
G1 X112.537 Y119.521 E1.33388
G1 X110.552 Y119.449 E1.42404
G1 X109.595 Y118.493 E1.48547
G1 X109.524 Y116.507 E1.57563
G1 X108.567 Y115.551 E1.63706
G1 X108.437 Y115.546 E1.64294
G1 X108.437 Y111.576 E1.82315
G1 X108.567 Y111.58 E1.82904
G1 X109.524 Y112.537 E1.89047
G1 X109.595 Y114.522 E1.98063
G1 X110.552 Y115.479 E2.04205
G1 X112.537 Y115.551 E2.13222
G1 X113.494 Y116.507 E2.19364
G1 X113.565 Y118.493 E2.2838
G1 X114.522 Y119.449 E2.34523
G1 X116.507 Y119.521 E2.43539
G1 X117.464 Y120.478 E2.49682
G1 X117.536 Y122.463 E2.58698
G1 X118.493 Y123.42 E2.64841
G1 X120.478 Y123.491 E2.73857
G1 X121.435 Y124.448 E2.8
G1 X121.506 Y126.433 E2.89016
G1 X121.635 Y126.563 E2.89848
G1 X125.606 Y126.563 E3.07869
G1 X125.476 Y126.433 E3.08701
G1 X125.405 Y124.448 E3.17717
G1 X124.448 Y123.491 E3.2386
G1 X122.463 Y123.42 E3.32876
G1 X121.506 Y122.463 E3.39018
G1 X121.435 Y120.478 E3.48035
G1 X120.478 Y119.521 E3.54177
G1 X118.493 Y119.449 E3.63193
G1 X117.536 Y118.493 E3.69336
G1 X117.464 Y116.507 E3.78352
G1 X116.507 Y115.551 E3.84495
G1 X114.522 Y115.479 E3.93511
G1 X113.565 Y114.522 E3.99654
G1 X113.494 Y112.537 E4.0867
G1 X112.537 Y111.58 E4.14813
G1 X110.552 Y111.509 E4.23829
G1 X109.595 Y110.552 E4.29971
G1 X109.524 Y108.567 E4.38987
G1 X109.394 Y108.437 E4.3982
G1 X113.365 Y108.437 E4.5784
G1 X113.494 Y108.567 E4.58673
G1 X113.565 Y110.552 E4.67689
G1 X114.522 Y111.509 E4.73831
G1 X116.507 Y111.58 E4.82848
G1 X117.464 Y112.537 E4.8899
G1 X117.536 Y114.522 E4.98006
G1 X118.493 Y115.479 E5.04149
G1 X120.478 Y115.551 E5.13165
G1 X121.435 Y116.507 E5.19308
G1 X121.506 Y118.493 E5.28324
G1 X122.463 Y119.449 E5.34467
G1 X124.448 Y119.521 E5.43483
G1 X125.405 Y120.478 E5.49626
G1 X125.476 Y122.463 E5.58642
G1 X126.433 Y123.42 E5.64784
G1 X126.563 Y123.424 E5.65373
G1 X126.563 Y119.454 E5.83394
G1 X126.433 Y119.449 E5.83983
G1 X125.476 Y118.493 E5.90125
G1 X125.405 Y116.507 E5.99142
G1 X124.448 Y115.551 E6.05284
G1 X122.463 Y115.479 E6.143
G1 X121.506 Y114.522 E6.20443
G1 X121.435 Y112.537 E6.29459
G1 X120.478 Y111.58 E6.35602
G1 X118.493 Y111.509 E6.44618
G1 X117.536 Y110.552 E6.50761
G1 X117.464 Y108.567 E6.59777
G1 X117.335 Y108.437 E6.60609
G1 X121.305 Y108.437 E6.7863
G1 X121.435 Y108.567 E6.79462
G1 X121.506 Y110.552 E6.88478
G1 X122.463 Y111.509 E6.94621
G1 X124.448 Y111.58 E7.03637
G1 X125.405 Y112.537 E7.0978
G1 X125.476 Y114.522 E7.18796
G1 X126.433 Y115.479 E7.24938
G1 X126.563 Y115.484 E7.25527
G1 X126.563 Y111.514 E7.43548
G1 X126.433 Y111.509 E7.44137
G1 X125.476 Y110.552 E7.50279
G1 X125.405 Y108.567 E7.59296
G1 X125.275 Y108.437 E7.60128
G1 X126.563 Y108.437 E7.65971
G1 X126.563 Y108.71 E7.67207
G1 X108.437 Y117.956 F9000
G1 F1099.151
G1 X108.437 Y119.516 E7.74286
G1 X108.567 Y119.521 E7.74875
G1 X109.524 Y120.478 E7.81018
G1 X109.595 Y122.463 E7.90034
G1 X110.552 Y123.42 E7.96176
G1 X112.537 Y123.491 E8.05193
G1 X113.494 Y124.448 E8.11335
G1 X113.565 Y126.433 E8.20351
G1 X113.695 Y126.563 E8.21184
G1 X109.725 Y126.563 E8.39204
G1 X109.595 Y126.433 E8.40037
G1 X109.524 Y124.448 E8.49053
G1 X108.567 Y123.491 E8.55195
G1 X108.437 Y123.486 E8.55784
G1 X108.437 Y125.046 E8.62863
; stop printing object test_cube.stl id:0 copy 0
M106 S209
;LAYER_CHANGE
;Z:5.8
;HEIGHT:0.28
;_SET_FAN_SPEED_CHANGING_LAYER
; printing object test_cube.stl id:0 copy 0
G1 E7.82863 F1800
G92 E0
G1 X116.033 Y125.792 Z6.2 F9000
G1 X126.855 Y126.855 Z6.2
G1 Z5.8
G1 E.8 F1800
;TYPE:Inner wall
;WIDTH:0.45
G1 F1099.152
G1 X108.145 Y126.855 E1.64925
G1 X108.145 Y108.145 E2.49849
G1 X126.855 Y108.145 E3.34774
G1 X126.855 Y126.815 E4.19517
G1 X127.275 Y127.275 F9000
M73 P34 R20
;TYPE:Outer wall
G1 F1099.152
G1 X107.725 Y127.275 E5.08254
G1 X107.725 Y107.725 E5.96991
G1 X127.275 Y107.725 E6.85728
G1 X127.275 Y127.235 E7.74283
G1 E6.94283 F1800
G92 E0
G1 X119.648 Y126.959 Z6.2 F9000
G1 X108.66 Y126.563 Z6.2
G1 Z5.8
G1 E.8 F1800
;TYPE:Sparse infill
;WIDTH:0.45
G1 F1099.151
G1 X110.22 Y126.563 E.87079
G1 X110.09 Y126.433 E.87911
G1 X109.029 Y124.448 E.98128
G1 X108.567 Y123.986 E1.01094
G1 X108.437 Y123.917 E1.01761
G1 X108.437 Y119.946 E1.19782
G1 X108.567 Y120.016 E1.20449
G1 X109.029 Y120.478 E1.23414
G1 X110.09 Y122.463 E1.33631
G1 X110.552 Y122.925 E1.36597
G1 X112.537 Y123.986 E1.46814
G1 X112.999 Y124.448 E1.49779
G1 X114.06 Y126.433 E1.59996
G1 X114.19 Y126.563 E1.60828
G1 X118.16 Y126.563 E1.78849
G1 X118.031 Y126.433 E1.79681
G1 X116.969 Y124.448 E1.89898
G1 X116.507 Y123.986 E1.92863
G1 X114.522 Y122.925 E2.0308
G1 X114.06 Y122.463 E2.06046
G1 X112.999 Y120.478 E2.16263
G1 X112.537 Y120.016 E2.19228
G1 X110.552 Y118.955 E2.29445
G1 X110.09 Y118.493 E2.32411
G1 X109.029 Y116.507 E2.42627
G1 X108.567 Y116.045 E2.45593
G1 X108.437 Y115.976 E2.4626
G1 X108.437 Y112.006 E2.64281
G1 X108.567 Y112.075 E2.64948
G1 X109.029 Y112.537 E2.67913
G1 X110.09 Y114.522 E2.7813
G1 X110.552 Y114.984 E2.81096
G1 X112.537 Y116.045 E2.91313
G1 X112.999 Y116.507 E2.94278
G1 X114.06 Y118.493 E3.04495
G1 X114.522 Y118.955 E3.07461
G1 X116.507 Y120.016 E3.17678
G1 X116.969 Y120.478 E3.20643
G1 X118.031 Y122.463 E3.3086
G1 X118.493 Y122.925 E3.33825
G1 X120.478 Y123.986 E3.44042
G1 X120.94 Y124.448 E3.47008
G1 X122.001 Y126.433 E3.57225
G1 X122.13 Y126.563 E3.58057
G1 X126.101 Y126.563 E3.76077
G1 X125.971 Y126.433 E3.7691
G1 X124.91 Y124.448 E3.87127
G1 X124.448 Y123.986 E3.90092
G1 X122.463 Y122.925 E4.00309
G1 X122.001 Y122.463 E4.03274
G1 X120.94 Y120.478 E4.13491
G1 X120.478 Y120.016 E4.16457
G1 X118.493 Y118.955 E4.26674
G1 X118.031 Y118.493 E4.29639
G1 X116.969 Y116.507 E4.39856
G1 X116.507 Y116.045 E4.42821
G1 X114.522 Y114.984 E4.53038
G1 X114.06 Y114.522 E4.56004
G1 X112.999 Y112.537 E4.66221
G1 X112.537 Y112.075 E4.69186
G1 X110.552 Y111.014 E4.79403
G1 X110.09 Y110.552 E4.82369
G1 X109.029 Y108.567 E4.92585
G1 X108.899 Y108.437 E4.93418
G1 X112.87 Y108.437 E5.11438
G1 X112.999 Y108.567 E5.12271
G1 X114.06 Y110.552 E5.22488
G1 X114.522 Y111.014 E5.25453
G1 X116.507 Y112.075 E5.3567
G1 X116.969 Y112.537 E5.38635
G1 X118.031 Y114.522 E5.48852
G1 X118.493 Y114.984 E5.51818
G1 X120.478 Y116.045 E5.62035
G1 X120.94 Y116.507 E5.65
G1 X122.001 Y118.493 E5.75217
G1 X122.463 Y118.955 E5.78182
G1 X124.448 Y120.016 E5.88399
G1 X124.91 Y120.478 E5.91365
G1 X125.971 Y122.463 E6.01582
G1 X126.433 Y122.925 E6.04547
G1 X126.563 Y122.994 E6.05214
G1 X126.563 Y119.024 E6.23235
G1 X126.433 Y118.955 E6.23902
G1 X125.971 Y118.493 E6.26868
G1 X124.91 Y116.507 E6.37085
G1 X124.448 Y116.045 E6.4005
G1 X122.463 Y114.984 E6.50267
G1 X122.001 Y114.522 E6.53232
G1 X120.94 Y112.537 E6.63449
G1 X120.478 Y112.075 E6.66415
G1 X118.493 Y111.014 E6.76632
G1 X118.031 Y110.552 E6.79597
G1 X116.969 Y108.567 E6.89814
G1 X116.84 Y108.437 E6.90646
G1 X120.81 Y108.437 E7.08667
G1 X120.94 Y108.567 E7.09499
G1 X122.001 Y110.552 E7.19716
G1 X122.463 Y111.014 E7.22682
G1 X124.448 Y112.075 E7.32898
G1 X124.91 Y112.537 E7.35864
G1 X125.971 Y114.522 E7.46081
G1 X126.433 Y114.984 E7.49046
G1 X126.563 Y115.054 E7.49713
G1 X126.563 Y111.083 E7.67734
G1 X126.433 Y111.014 E7.68401
G1 X125.971 Y110.552 E7.71367
G1 X124.91 Y108.567 E7.81584
G1 X124.78 Y108.437 E7.82416
G1 X126.34 Y108.437 E7.89495
; stop printing object test_cube.stl id:0 copy 0
;LAYER_CHANGE
;Z:6.08
;HEIGHT:0.28
;_SET_FAN_SPEED_CHANGING_LAYER
; printing object test_cube.stl id:0 copy 0
G1 E7.09495 F1800
G92 E0
G1 X126.553 Y116.067 Z6.48 F9000
G1 X126.855 Y126.855 Z6.48
G1 Z6.08
G1 E.8 F1800
;TYPE:Inner wall
;WIDTH:0.45
G1 F1099.152
G1 X108.145 Y126.855 E1.64925
G1 X108.145 Y108.145 E2.49849
G1 X126.855 Y108.145 E3.34774
G1 X126.855 Y126.815 E4.19517
G1 X127.275 Y127.275 F9000
M73 P34 R19
;TYPE:Outer wall
G1 F1099.152
G1 X107.725 Y127.275 E5.08254
G1 X107.725 Y107.725 E5.96991
M73 P35 R19
G1 X127.275 Y107.725 E6.85728
G1 X127.275 Y127.235 E7.74283
G1 E6.94283 F1800
G92 E0
G1 X121.033 Y126.563 Z6.48 F9000
G1 Z6.08
G1 E.8 F1800
;TYPE:Sparse infill
;WIDTH:0.45
G1 F1099.151
G1 X122.592 Y126.563 E.87079
G1 X108.437 Y112.408 E1.77941
G1 X108.437 Y108.437 E1.95962
G1 X126.563 Y126.563 E3.12309
G1 X126.563 Y122.592 E3.3033
G1 X112.408 Y108.437 E4.21192
G1 X113.967 Y108.437 E4.28272
G1 X108.437 Y114.818 F9000
G1 F1099.151
G1 X108.437 Y116.378 E4.35351
G1 X118.622 Y126.563 E5.00728
G1 X114.652 Y126.563 E5.18749
G1 X108.437 Y120.348 E5.58641
G1 X108.437 Y124.318 E5.76661
G1 X110.682 Y126.563 E5.91068
G1 X109.122 Y126.563 E5.98147
G1 X126.563 Y120.182 F9000
G1 F1099.151
G1 X126.563 Y118.622 E6.05227
G1 X116.378 Y108.437 E6.70604
G1 X120.348 Y108.437 E6.88625
G1 X126.563 Y114.652 E7.28517
G1 X126.563 Y110.682 E7.46537
G1 X124.318 Y108.437 E7.60944
G1 X125.878 Y108.437 E7.68023
; stop printing object test_cube.stl id:0 copy 0
;LAYER_CHANGE
;Z:6.36
;HEIGHT:0.28
;_SET_FAN_SPEED_CHANGING_LAYER
; printing object test_cube.stl id:0 copy 0
G1 E6.88023 F1800
G92 E0
G1 X126.282 Y116.059 Z6.76 F9000
G1 X126.855 Y126.855 Z6.76
G1 Z6.36
G1 E.8 F1800
;TYPE:Inner wall
;WIDTH:0.45
G1 F1099.152
G1 X108.145 Y126.855 E1.64925
G1 X108.145 Y108.145 E2.49849
G1 X126.855 Y108.145 E3.34774
G1 X126.855 Y126.815 E4.19517
G1 X127.275 Y127.275 F9000
;TYPE:Outer wall
G1 F1099.152
G1 X107.725 Y127.275 E5.08254
G1 X107.725 Y107.725 E5.96991
M73 P36 R19
G1 X127.275 Y107.725 E6.85728
G1 X127.275 Y127.235 E7.74283
G1 E6.94283 F1800
G92 E0
G1 X121.033 Y126.563 Z6.76 F9000
G1 Z6.36
G1 E.8 F1800
;TYPE:Sparse infill
;WIDTH:0.45
G1 F1099.151
G1 X122.592 Y126.563 E.87079
G1 X108.437 Y112.408 E1.77941
G1 X108.437 Y108.437 E1.95962
G1 X126.563 Y126.563 E3.12309
G1 X126.563 Y122.592 E3.3033
G1 X112.408 Y108.437 E4.21192
G1 X113.967 Y108.437 E4.28272
G1 X108.437 Y114.818 F9000
G1 F1099.151
G1 X108.437 Y116.378 E4.35351
G1 X118.622 Y126.563 E5.00728
G1 X114.652 Y126.563 E5.18749
G1 X108.437 Y120.348 E5.58641
G1 X108.437 Y124.318 E5.76661
G1 X110.682 Y126.563 E5.91068
G1 X109.122 Y126.563 E5.98147
G1 X126.563 Y120.182 F9000
G1 F1099.151
G1 X126.563 Y118.622 E6.05227
G1 X116.378 Y108.437 E6.70604
G1 X120.348 Y108.437 E6.88625
G1 X126.563 Y114.652 E7.28517
G1 X126.563 Y110.682 E7.46537
G1 X124.318 Y108.437 E7.60944
G1 X125.878 Y108.437 E7.68023
; stop printing object test_cube.stl id:0 copy 0
;LAYER_CHANGE
;Z:6.64
;HEIGHT:0.28
;_SET_FAN_SPEED_CHANGING_LAYER
; printing object test_cube.stl id:0 copy 0
G1 E6.88023 F1800
G92 E0
G1 X126.282 Y116.059 Z7.04 F9000
G1 X126.855 Y126.855 Z7.04
G1 Z6.64
G1 E.8 F1800
;TYPE:Inner wall
;WIDTH:0.45
G1 F1099.152
G1 X108.145 Y126.855 E1.64925
G1 X108.145 Y108.145 E2.49849
G1 X126.855 Y108.145 E3.34774
G1 X126.855 Y126.815 E4.19517
G1 X127.275 Y127.275 F9000
;TYPE:Outer wall
G1 F1099.152
G1 X107.725 Y127.275 E5.08254
G1 X107.725 Y107.725 E5.96991
G1 X127.275 Y107.725 E6.85728
M73 P37 R19
G1 X127.275 Y127.235 E7.74283
G1 E6.94283 F1800
G92 E0
G1 X121.033 Y126.563 Z7.04 F9000
G1 Z6.64
G1 E.8 F1800
;TYPE:Sparse infill
;WIDTH:0.45
G1 F1099.151
G1 X122.592 Y126.563 E.87079
G1 X108.437 Y112.408 E1.77941
G1 X108.437 Y108.437 E1.95962
G1 X126.563 Y126.563 E3.12309
G1 X126.563 Y122.592 E3.3033
G1 X112.408 Y108.437 E4.21192
G1 X113.967 Y108.437 E4.28272
G1 X108.437 Y114.818 F9000
G1 F1099.151
G1 X108.437 Y116.378 E4.35351
G1 X118.622 Y126.563 E5.00728
G1 X114.652 Y126.563 E5.18749
G1 X108.437 Y120.348 E5.58641
G1 X108.437 Y124.318 E5.76661
G1 X110.682 Y126.563 E5.91068
G1 X109.122 Y126.563 E5.98147
G1 X126.563 Y120.182 F9000
G1 F1099.151
G1 X126.563 Y118.622 E6.05227
G1 X116.378 Y108.437 E6.70604
G1 X120.348 Y108.437 E6.88625
G1 X126.563 Y114.652 E7.28517
G1 X126.563 Y110.682 E7.46537
G1 X124.318 Y108.437 E7.60944
G1 X125.878 Y108.437 E7.68023
; stop printing object test_cube.stl id:0 copy 0
;LAYER_CHANGE
;Z:6.92
;HEIGHT:0.28
;_SET_FAN_SPEED_CHANGING_LAYER
; printing object test_cube.stl id:0 copy 0
G1 E6.88023 F1800
G92 E0
G1 X126.282 Y116.059 Z7.32 F9000
G1 X126.855 Y126.855 Z7.32
G1 Z6.92
G1 E.8 F1800
;TYPE:Inner wall
;WIDTH:0.45
G1 F1099.152
G1 X108.145 Y126.855 E1.64925
G1 X108.145 Y108.145 E2.49849
G1 X126.855 Y108.145 E3.34774
G1 X126.855 Y126.815 E4.19517
G1 X127.275 Y127.275 F9000
;TYPE:Outer wall
G1 F1099.152
G1 X107.725 Y127.275 E5.08254
G1 X107.725 Y107.725 E5.96991
G1 X127.275 Y107.725 E6.85728
M73 P38 R19
G1 X127.275 Y127.235 E7.74283
G1 E6.94283 F1800
G92 E0
G1 X121.033 Y126.563 Z7.32 F9000
G1 Z6.92
G1 E.8 F1800
;TYPE:Sparse infill
;WIDTH:0.45
G1 F1099.151
G1 X122.592 Y126.563 E.87079
G1 X108.437 Y112.408 E1.77941
G1 X108.437 Y108.437 E1.95962
G1 X126.563 Y126.563 E3.12309
M73 P38 R18
G1 X126.563 Y122.592 E3.3033
G1 X112.408 Y108.437 E4.21192
G1 X113.967 Y108.437 E4.28272
G1 X108.437 Y114.818 F9000
G1 F1099.151
G1 X108.437 Y116.378 E4.35351
G1 X118.622 Y126.563 E5.00728
G1 X114.652 Y126.563 E5.18749
G1 X108.437 Y120.348 E5.58641
G1 X108.437 Y124.318 E5.76661
G1 X110.682 Y126.563 E5.91068
G1 X109.122 Y126.563 E5.98147
G1 X126.563 Y120.182 F9000
G1 F1099.151
G1 X126.563 Y118.622 E6.05227
G1 X116.378 Y108.437 E6.70604
G1 X120.348 Y108.437 E6.88625
G1 X126.563 Y114.652 E7.28517
G1 X126.563 Y110.682 E7.46537
G1 X124.318 Y108.437 E7.60944
G1 X125.878 Y108.437 E7.68023
; stop printing object test_cube.stl id:0 copy 0
;LAYER_CHANGE
;Z:7.2
;HEIGHT:0.28
;_SET_FAN_SPEED_CHANGING_LAYER
; printing object test_cube.stl id:0 copy 0
G1 E6.88023 F1800
G92 E0
G1 X126.282 Y116.059 Z7.6 F9000
G1 X126.855 Y126.855 Z7.6
G1 Z7.2
G1 E.8 F1800
;TYPE:Inner wall
;WIDTH:0.45
G1 F1099.152
G1 X108.145 Y126.855 E1.64925
G1 X108.145 Y108.145 E2.49849
G1 X126.855 Y108.145 E3.34774
G1 X126.855 Y126.815 E4.19517
G1 X127.275 Y127.275 F9000
;TYPE:Outer wall
G1 F1099.152
G1 X107.725 Y127.275 E5.08254
G1 X107.725 Y107.725 E5.96991
G1 X127.275 Y107.725 E6.85728
G1 X127.275 Y127.235 E7.74283
M73 P39 R18
G1 E6.94283 F1800
G92 E0
G1 X121.033 Y126.563 Z7.6 F9000
G1 Z7.2
G1 E.8 F1800
;TYPE:Sparse infill
;WIDTH:0.45
G1 F1099.151
G1 X122.592 Y126.563 E.87079
G1 X108.437 Y112.408 E1.77941
G1 X108.437 Y108.437 E1.95962
G1 X126.563 Y126.563 E3.12309
G1 X126.563 Y122.592 E3.3033
G1 X112.408 Y108.437 E4.21192
G1 X113.967 Y108.437 E4.28272
G1 X108.437 Y114.818 F9000
G1 F1099.151
G1 X108.437 Y116.378 E4.35351
G1 X118.622 Y126.563 E5.00728
G1 X114.652 Y126.563 E5.18749
G1 X108.437 Y120.348 E5.58641
G1 X108.437 Y124.318 E5.76661
G1 X110.682 Y126.563 E5.91068
G1 X109.122 Y126.563 E5.98147
G1 X126.563 Y120.182 F9000
G1 F1099.151
G1 X126.563 Y118.622 E6.05227
G1 X116.378 Y108.437 E6.70604
G1 X120.348 Y108.437 E6.88625
G1 X126.563 Y114.652 E7.28517
G1 X126.563 Y110.682 E7.46537
G1 X124.318 Y108.437 E7.60944
G1 X125.878 Y108.437 E7.68023
; stop printing object test_cube.stl id:0 copy 0
;LAYER_CHANGE
;Z:7.48
;HEIGHT:0.28
;_SET_FAN_SPEED_CHANGING_LAYER
; printing object test_cube.stl id:0 copy 0
G1 E6.88023 F1800
G92 E0
G1 X126.282 Y116.059 Z7.88 F9000
G1 X126.855 Y126.855 Z7.88
G1 Z7.48
G1 E.8 F1800
;TYPE:Inner wall
;WIDTH:0.45
G1 F1099.152
G1 X108.145 Y126.855 E1.64925
G1 X108.145 Y108.145 E2.49849
G1 X126.855 Y108.145 E3.34774
G1 X126.855 Y126.815 E4.19517
G1 X127.275 Y127.275 F9000
;TYPE:Outer wall
G1 F1099.152
G1 X107.725 Y127.275 E5.08254
G1 X107.725 Y107.725 E5.96991
G1 X127.275 Y107.725 E6.85728
G1 X127.275 Y127.235 E7.74283
M73 P40 R18
G1 E6.94283 F1800
G92 E0
G1 X119.648 Y126.957 Z7.88 F9000
G1 X108.836 Y126.563 Z7.88
G1 Z7.48
G1 E.8 F1800
;TYPE:Sparse infill
;WIDTH:0.45
G1 F1099.151
G1 X110.395 Y126.563 E.87079
G1 X110.266 Y126.433 E.87911
G1 X108.853 Y124.448 E.98969
G1 X108.567 Y124.161 E1.00808
G1 X108.437 Y124.069 E1.0153
G1 X108.437 Y120.099 E1.19551
G1 X108.567 Y120.191 E1.20273
G1 X108.853 Y120.478 E1.22111
G1 X110.266 Y122.463 E1.33169
G1 X110.552 Y122.749 E1.35008
G1 X112.537 Y124.161 E1.46066
G1 X112.824 Y124.448 E1.47904
G1 X114.236 Y126.433 E1.58962
G1 X114.366 Y126.563 E1.59794
G1 X118.336 Y126.563 E1.77815
G1 X118.206 Y126.433 E1.78647
G1 X116.794 Y124.448 E1.89705
G1 X116.507 Y124.161 E1.91544
G1 X114.522 Y122.749 E2.02602
G1 X114.236 Y122.463 E2.0444
G1 X112.824 Y120.478 E2.15498
G1 X112.537 Y120.191 E2.17337
G1 X110.552 Y118.779 E2.28395
G1 X110.266 Y118.493 E2.30233
G1 X108.853 Y116.507 E2.41291
G1 X108.567 Y116.221 E2.43129
G1 X108.437 Y116.129 E2.43852
G1 X108.437 Y112.159 E2.61872
G1 X108.567 Y112.251 E2.62594
G1 X108.853 Y112.537 E2.64433
G1 X110.266 Y114.522 E2.75491
G1 X110.552 Y114.809 E2.77329
G1 X112.537 Y116.221 E2.88387
G1 X112.824 Y116.507 E2.90226
G1 X114.236 Y118.493 E3.01284
G1 X114.522 Y118.779 E3.03122
G1 X116.507 Y120.191 E3.1418
G1 X116.794 Y120.478 E3.16018
G1 X118.206 Y122.463 E3.27077
G1 X118.493 Y122.749 E3.28915
G1 X120.478 Y124.161 E3.39973
G1 X120.764 Y124.448 E3.41811
G1 X122.176 Y126.433 E3.52869
G1 X122.306 Y126.563 E3.53702
G1 X126.276 Y126.563 E3.71722
G1 X126.147 Y126.433 E3.72554
G1 X124.734 Y124.448 E3.83613
G1 X124.448 Y124.161 E3.85451
G1 X122.463 Y122.749 E3.96509
G1 X122.176 Y122.463 E3.98347
G1 X120.764 Y120.478 E4.09405
G1 X120.478 Y120.191 E4.11244
G1 X118.493 Y118.779 E4.22302
G1 X118.206 Y118.493 E4.2414
G1 X116.794 Y116.507 E4.35198
G1 X116.507 Y116.221 E4.37037
G1 X114.522 Y114.809 E4.48095
G1 X114.236 Y114.522 E4.49933
G1 X112.824 Y112.537 E4.60991
G1 X112.537 Y112.251 E4.62829
G1 X110.552 Y110.839 E4.73888
G1 X110.266 Y110.552 E4.75726
G1 X108.853 Y108.567 E4.86784
G1 X108.724 Y108.437 E4.87616
G1 X112.694 Y108.437 E5.05637
G1 X112.824 Y108.567 E5.06469
G1 X114.236 Y110.552 E5.17527
G1 X114.522 Y110.839 E5.19365
G1 X116.507 Y112.251 E5.30424
G1 X116.794 Y112.537 E5.32262
G1 X118.206 Y114.522 E5.4332
G1 X118.493 Y114.809 E5.45158
G1 X120.478 Y116.221 E5.56216
G1 X120.764 Y116.507 E5.58055
G1 X122.176 Y118.493 E5.69113
G1 X122.463 Y118.779 E5.70951
G1 X124.448 Y120.191 E5.82009
G1 X124.734 Y120.478 E5.83848
G1 X126.147 Y122.463 E5.94906
G1 X126.433 Y122.749 E5.96744
G1 X126.563 Y122.841 E5.97466
G1 X126.563 Y118.871 E6.15487
G1 X126.433 Y118.779 E6.16209
G1 X126.147 Y118.493 E6.18047
G1 X124.734 Y116.507 E6.29106
G1 X124.448 Y116.221 E6.30944
G1 X122.463 Y114.809 E6.42002
G1 X122.176 Y114.522 E6.4384
G1 X120.764 Y112.537 E6.54898
G1 X120.478 Y112.251 E6.56737
G1 X118.493 Y110.839 E6.67795
G1 X118.206 Y110.552 E6.69633
G1 X116.794 Y108.567 E6.80691
G1 X116.664 Y108.437 E6.81523
G1 X120.634 Y108.437 E6.99544
G1 X120.764 Y108.567 E7.00376
G1 X122.176 Y110.552 E7.11434
G1 X122.463 Y110.839 E7.13273
G1 X124.448 Y112.251 E7.24331
G1 X124.734 Y112.537 E7.26169
G1 X126.147 Y114.522 E7.37227
G1 X126.433 Y114.809 E7.39066
G1 X126.563 Y114.901 E7.39788
G1 X126.563 Y110.931 E7.57808
G1 X126.433 Y110.839 E7.58531
G1 X126.147 Y110.552 E7.60369
G1 X124.734 Y108.567 E7.71427
G1 X124.605 Y108.437 E7.72259
G1 X126.164 Y108.437 E7.79338
; stop printing object test_cube.stl id:0 copy 0
M106 S206
;LAYER_CHANGE
;Z:7.76
;HEIGHT:0.28
;_SET_FAN_SPEED_CHANGING_LAYER
; printing object test_cube.stl id:0 copy 0
G1 E6.99338 F1800
G92 E0
G1 X126.45 Y116.064 Z8.16 F9000
G1 X126.855 Y126.855 Z8.16
G1 Z7.76
G1 E.8 F1800
;TYPE:Inner wall
;WIDTH:0.45
G1 F1099.152
G1 X108.145 Y126.855 E1.64925
G1 X108.145 Y108.145 E2.49849
G1 X126.855 Y108.145 E3.34774
G1 X126.855 Y126.815 E4.19517
G1 X127.275 Y127.275 F9000
;TYPE:Outer wall
G1 F1099.152
G1 X107.725 Y127.275 E5.08254
G1 X107.725 Y107.725 E5.96991
G1 X127.275 Y107.725 E6.85728
G1 X127.275 Y127.235 E7.74283
M73 P41 R18
G1 X126.563 Y125.784 F9000
;TYPE:Sparse infill
;WIDTH:0.45
G1 F1099.151
G1 X126.563 Y126.563 E7.77816
G1 X125.781 Y126.563 E7.81362
G1 X125.652 Y126.433 E7.82194
G1 X125.229 Y124.448 E7.91406
G1 X124.448 Y123.667 E7.96422
G1 X122.463 Y123.244 E8.05634
G1 X121.681 Y122.463 E8.1065
G1 X121.259 Y120.478 E8.19862
G1 X120.478 Y119.696 E8.24877
G1 X118.493 Y119.274 E8.34089
G1 X117.711 Y118.493 E8.39105
G1 X117.289 Y116.507 E8.48317
G1 X116.507 Y115.726 E8.53333
G1 X114.522 Y115.304 E8.62545
G1 X113.741 Y114.522 E8.6756
G1 X113.319 Y112.537 E8.76772
G1 X112.537 Y111.756 E8.81788
G1 X110.552 Y111.333 E8.91
G1 X109.771 Y110.552 E8.96016
G1 X109.348 Y108.567 E9.05228
G1 X109.219 Y108.437 E9.0606
G1 X113.189 Y108.437 E9.24081
G1 X113.319 Y108.567 E9.24913
G1 X113.741 Y110.552 E9.34125
G1 X114.522 Y111.333 E9.3914
G1 X116.507 Y111.756 E9.48353
G1 X117.289 Y112.537 E9.53368
G1 X117.711 Y114.522 E9.6258
G1 X118.493 Y115.304 E9.67596
G1 X120.478 Y115.726 E9.76808
G1 X121.259 Y116.507 E9.81823
G1 X121.681 Y118.493 E9.91036
G1 X122.463 Y119.274 E9.96051
G1 X124.448 Y119.696 E10.05263
G1 X125.229 Y120.478 E10.10279
G1 X125.652 Y122.463 E10.19491
G1 X126.433 Y123.244 E10.24506
G1 X126.563 Y123.272 E10.25108
G1 X126.563 Y119.301 E10.43129
G1 X126.433 Y119.274 E10.4373
G1 X125.652 Y118.493 E10.48746
G1 X125.229 Y116.507 E10.57958
G1 X124.448 Y115.726 E10.62974
G1 X122.463 Y115.304 E10.72186
G1 X121.681 Y114.522 E10.77201
G1 X121.259 Y112.537 E10.86413
G1 X120.478 Y111.756 E10.91429
G1 X118.493 Y111.333 E11.00641
G1 X117.711 Y110.552 E11.05657
G1 X117.289 Y108.567 E11.14869
G1 X117.159 Y108.437 E11.15701
G1 X121.129 Y108.437 E11.33722
G1 X121.259 Y108.567 E11.34554
G1 X121.681 Y110.552 E11.43766
G1 X122.463 Y111.333 E11.48782
G1 X124.448 Y111.756 E11.57994
G1 X125.229 Y112.537 E11.63009
G1 X125.652 Y114.522 E11.72221
G1 X126.433 Y115.304 E11.77237
G1 X126.563 Y115.331 E11.77838
G1 X126.563 Y111.361 E11.95859
G1 X126.433 Y111.333 E11.96461
G1 X125.652 Y110.552 E12.01476
G1 X125.229 Y108.567 E12.10688
G1 X125.1 Y108.437 E12.11521
G1 X126.563 Y108.437 E12.18161
G1 X126.563 Y108.534 E12.186
G1 X108.437 Y110.169 F9000
G1 F1099.151
G1 X108.437 Y111.728 E12.25679
G1 X108.567 Y111.756 E12.26281
G1 X109.348 Y112.537 E12.31296
G1 X109.771 Y114.522 E12.40508
G1 X110.552 Y115.304 E12.45524
G1 X112.537 Y115.726 E12.54736
G1 X113.319 Y116.507 E12.59752
G1 X113.741 Y118.493 E12.68964
G1 X114.522 Y119.274 E12.73979
G1 X116.507 Y119.696 E12.83191
G1 X117.289 Y120.478 E12.88207
G1 X117.711 Y122.463 E12.97419
G1 X118.493 Y123.244 E13.02435
G1 X120.478 Y123.667 E13.11647
G1 X121.259 Y124.448 E13.16662
G1 X121.681 Y126.433 E13.25874
G1 X121.811 Y126.563 E13.26707
G1 X117.841 Y126.563 E13.44727
G1 X117.711 Y126.433 E13.45559
G1 X117.289 Y124.448 E13.54771
G1 X116.507 Y123.667 E13.59787
G1 X114.522 Y123.244 E13.68999
G1 X113.741 Y122.463 E13.74015
G1 X113.319 Y120.478 E13.83227
G1 X112.537 Y119.696 E13.88242
G1 X110.552 Y119.274 E13.97455
G1 X109.771 Y118.493 E14.0247
M73 P41 R17
G1 X109.348 Y116.507 E14.11682
G1 X108.567 Y115.726 E14.16698
G1 X108.437 Y115.699 E14.17299
G1 X108.437 Y114.139 E14.24379
G1 X108.437 Y126.466 F9000
G1 F1099.151
G1 X108.437 Y126.563 E14.24817
G1 X109.9 Y126.563 E14.31458
G1 X109.771 Y126.433 E14.3229
G1 X109.348 Y124.448 E14.41502
G1 X108.567 Y123.667 E14.46518
G1 X108.437 Y123.639 E14.47119
G1 X108.437 Y119.669 E14.6514
G1 X108.567 Y119.696 E14.65742
G1 X109.348 Y120.478 E14.70757
G1 X109.771 Y122.463 E14.79969
G1 X110.552 Y123.244 E14.84985
G1 X112.537 Y123.667 E14.94197
G1 X113.319 Y124.448 E14.99213
G1 X113.741 Y126.433 E15.08425
G1 X113.871 Y126.563 E15.09257
G1 X112.311 Y126.563 E15.16336
; stop printing object test_cube.stl id:0 copy 0
M106 S204
;LAYER_CHANGE
;Z:8.04
;HEIGHT:0.28
;_SET_FAN_SPEED_CHANGING_LAYER
; printing object test_cube.stl id:0 copy 0
G1 E14.36336 F1800
G92 E0
G1 X119.942 Y126.716 Z8.44 F9000
G1 X126.855 Y126.855 Z8.44
G1 Z8.04
G1 E.8 F1800
;TYPE:Inner wall
;WIDTH:0.45
G1 F1099.152
G1 X108.145 Y126.855 E1.64925
G1 X108.145 Y108.145 E2.49849
G1 X126.855 Y108.145 E3.34774
G1 X126.855 Y126.815 E4.19517
G1 X127.275 Y127.275 F9000
;TYPE:Outer wall
G1 F1099.152
G1 X107.725 Y127.275 E5.08254
G1 X107.725 Y107.725 E5.96991
G1 X127.275 Y107.725 E6.85728
G1 X127.275 Y127.235 E7.74283
G1 E6.94283 F1800
M73 P42 R17
G92 E0
G1 X126.563 Y124.917 Z8.44 F9000
G1 Z8.04
G1 E.8 F1800
;TYPE:Sparse infill
;WIDTH:0.45
G1 F1099.151
G1 X126.563 Y123.357 E.87079
G1 X126.433 Y123.342 E.87671
G1 X125.327 Y124.448 E.9477
G1 X125.554 Y126.433 E1.03838
G1 X125.424 Y126.563 E1.04671
G1 X121.454 Y126.563 E1.22691
G1 X121.583 Y126.433 E1.23523
G1 X121.357 Y124.448 E1.32592
G1 X122.463 Y123.342 E1.3969
G1 X124.448 Y123.569 E1.48759
G1 X125.554 Y122.463 E1.55857
G1 X125.327 Y120.478 E1.64926
G1 X126.433 Y119.372 E1.72024
G1 X126.563 Y119.387 E1.72617
G1 X126.563 Y120.946 E1.79696
G1 X115.924 Y126.563 F9000
G1 F1099.151
G1 X117.484 Y126.563 E1.86775
G1 X117.613 Y126.433 E1.87607
G1 X117.387 Y124.448 E1.96676
G1 X118.493 Y123.342 E2.03774
G1 X120.478 Y123.569 E2.12843
G1 X121.583 Y122.463 E2.19941
G1 X121.357 Y120.478 E2.2901
G1 X122.463 Y119.372 E2.36108
G1 X124.448 Y119.598 E2.45177
G1 X125.554 Y118.493 E2.52275
G1 X125.327 Y116.507 E2.61344
G1 X126.433 Y115.402 E2.68442
G1 X126.563 Y115.416 E2.69034
G1 X126.563 Y111.446 E2.87055
G1 X126.433 Y111.431 E2.87647
G1 X125.327 Y112.537 E2.94745
G1 X125.554 Y114.522 E3.03814
G1 X124.448 Y115.628 E3.10912
G1 X122.463 Y115.402 E3.19981
G1 X121.357 Y116.507 E3.27079
G1 X121.583 Y118.493 E3.36148
G1 X120.478 Y119.598 E3.43246
G1 X118.493 Y119.372 E3.52315
G1 X117.387 Y120.478 E3.59413
G1 X117.613 Y122.463 E3.68482
G1 X116.507 Y123.569 E3.7558
G1 X114.522 Y123.342 E3.84649
G1 X113.417 Y124.448 E3.91747
G1 X113.643 Y126.433 E4.00816
G1 X113.513 Y126.563 E4.01648
G1 X109.543 Y126.563 E4.19669
G1 X109.673 Y126.433 E4.20501
G1 X109.446 Y124.448 E4.2957
G1 X110.552 Y123.342 E4.36668
G1 X112.537 Y123.569 E4.45737
G1 X113.643 Y122.463 E4.52835
G1 X113.417 Y120.478 E4.61904
G1 X114.522 Y119.372 E4.69002
G1 X116.507 Y119.598 E4.78071
G1 X117.613 Y118.493 E4.85169
G1 X117.387 Y116.507 E4.94238
G1 X118.493 Y115.402 E5.01336
G1 X120.478 Y115.628 E5.10404
G1 X121.583 Y114.522 E5.17503
G1 X121.357 Y112.537 E5.26571
G1 X122.463 Y111.431 E5.3367
G1 X124.448 Y111.658 E5.42738
G1 X125.554 Y110.552 E5.49837
G1 X125.327 Y108.567 E5.58905
G1 X125.457 Y108.437 E5.59738
G1 X121.487 Y108.437 E5.77758
G1 X121.357 Y108.567 E5.7859
G1 X121.583 Y110.552 E5.87659
G1 X120.478 Y111.658 E5.94757
G1 X118.493 Y111.431 E6.03826
G1 X117.387 Y112.537 E6.10924
G1 X117.613 Y114.522 E6.19993
G1 X116.507 Y115.628 E6.27091
G1 X114.522 Y115.402 E6.3616
G1 X113.417 Y116.507 E6.43258
G1 X113.643 Y118.493 E6.52327
G1 X112.537 Y119.598 E6.59425
G1 X110.552 Y119.372 E6.68494
G1 X109.446 Y120.478 E6.75592
G1 X109.673 Y122.463 E6.84661
G1 X108.567 Y123.569 E6.91759
G1 X108.437 Y123.554 E6.92351
G1 X108.437 Y119.584 E7.10372
G1 X108.567 Y119.598 E7.10964
G1 X109.673 Y118.493 E7.18062
G1 X109.446 Y116.507 E7.27131
G1 X110.552 Y115.402 E7.34229
G1 X112.537 Y115.628 E7.43298
G1 X113.643 Y114.522 E7.50396
G1 X113.417 Y112.537 E7.59465
G1 X114.522 Y111.431 E7.66563
G1 X116.507 Y111.658 E7.75632
G1 X117.613 Y110.552 E7.8273
G1 X117.387 Y108.567 E7.91799
G1 X117.516 Y108.437 E7.92631
G1 X113.546 Y108.437 E8.10652
G1 X113.417 Y108.567 E8.11484
G1 X113.643 Y110.552 E8.20553
G1 X112.537 Y111.658 E8.27651
G1 X110.552 Y111.431 E8.3672
G1 X109.446 Y112.537 E8.43818
G1 X109.673 Y114.522 E8.52887
G1 X108.567 Y115.628 E8.59985
G1 X108.437 Y115.613 E8.60577
G1 X108.437 Y111.643 E8.78598
G1 X108.567 Y111.658 E8.7919
G1 X109.673 Y110.552 E8.86288
G1 X109.446 Y108.567 E8.95357
G1 X109.576 Y108.437 E8.96189
G1 X108.437 Y108.437 E9.01357
G1 X108.437 Y108.858 E9.03269
; stop printing object test_cube.stl id:0 copy 0
M106 S209
;LAYER_CHANGE
;Z:8.32
;HEIGHT:0.28
;_SET_FAN_SPEED_CHANGING_LAYER
; printing object test_cube.stl id:0 copy 0
G1 E8.23269 F1800
G92 E0
G1 X113.896 Y114.193 Z8.72 F9000
G1 X126.855 Y126.855 Z8.72
G1 Z8.32
G1 E.8 F1800
;TYPE:Inner wall
;WIDTH:0.45
G1 F1099.152
G1 X108.145 Y126.855 E1.64925
G1 X108.145 Y108.145 E2.49849
G1 X126.855 Y108.145 E3.34774
G1 X126.855 Y126.815 E4.19517
G1 X127.275 Y127.275 F9000
;TYPE:Outer wall
G1 F1099.152
G1 X107.725 Y127.275 E5.08254
G1 X107.725 Y107.725 E5.96991
G1 X127.275 Y107.725 E6.85728
G1 X127.275 Y127.235 E7.74283
M73 P43 R17
G1 X126.489 Y126.563 F9000
;TYPE:Sparse infill
;WIDTH:0.45
G1 F1099.151
G1 X124.929 Y126.563 E7.81362
G1 X125.059 Y126.433 E7.82194
G1 X125.822 Y124.448 E7.91848
G1 X126.433 Y123.837 E7.95769
G1 X126.563 Y123.787 E7.96399
G1 X126.563 Y119.817 E8.1442
G1 X126.433 Y119.867 E8.15051
G1 X125.822 Y120.478 E8.18971
G1 X125.059 Y122.463 E8.28625
G1 X124.448 Y123.074 E8.32546
G1 X122.463 Y123.837 E8.422
G1 X121.852 Y124.448 E8.46121
G1 X121.088 Y126.433 E8.55775
G1 X120.959 Y126.563 E8.56607
G1 X116.989 Y126.563 E8.74627
G1 X117.118 Y126.433 E8.7546
G1 X117.882 Y124.448 E8.85113
G1 X118.493 Y123.837 E8.89034
G1 X120.478 Y123.074 E8.98688
G1 X121.088 Y122.463 E9.02609
G1 X121.852 Y120.478 E9.12263
G1 X122.463 Y119.867 E9.16184
G1 X124.448 Y119.103 E9.25837
G1 X125.059 Y118.493 E9.29758
G1 X125.822 Y116.507 E9.39412
G1 X126.433 Y115.897 E9.43333
G1 X126.563 Y115.847 E9.43963
G1 X126.563 Y111.877 E9.61984
G1 X126.433 Y111.926 E9.62614
G1 X125.822 Y112.537 E9.66535
G1 X125.059 Y114.522 E9.76189
G1 X124.448 Y115.133 E9.8011
G1 X122.463 Y115.897 E9.89764
G1 X121.852 Y116.507 E9.93685
G1 X121.088 Y118.493 E10.03338
G1 X120.478 Y119.103 E10.07259
G1 X118.493 Y119.867 E10.16913
G1 X117.882 Y120.478 E10.20834
G1 X117.118 Y122.463 E10.30488
G1 X116.507 Y123.074 E10.34409
G1 X114.522 Y123.837 E10.44062
G1 X113.912 Y124.448 E10.47983
G1 X113.148 Y126.433 E10.57637
G1 X113.018 Y126.563 E10.58469
G1 X109.048 Y126.563 E10.7649
G1 X109.178 Y126.433 E10.77322
G1 X109.941 Y124.448 E10.86976
G1 X110.552 Y123.837 E10.90897
G1 X112.537 Y123.074 E11.0055
G1 X113.148 Y122.463 E11.04471
G1 X113.912 Y120.478 E11.14125
G1 X114.522 Y119.867 E11.18046
G1 X116.507 Y119.103 E11.277
G1 X117.118 Y118.493 E11.31621
G1 X117.882 Y116.507 E11.41274
G1 X118.493 Y115.897 E11.45195
G1 X120.478 Y115.133 E11.54849
G1 X121.088 Y114.522 E11.5877
G1 X121.852 Y112.537 E11.68424
G1 X122.463 Y111.926 E11.72344
G1 X124.448 Y111.163 E11.81998
G1 X125.059 Y110.552 E11.85919
G1 X125.822 Y108.567 E11.95573
G1 X125.952 Y108.437 E11.96405
G1 X121.982 Y108.437 E12.14426
G1 X121.852 Y108.567 E12.15258
G1 X121.088 Y110.552 E12.24912
G1 X120.478 Y111.163 E12.28833
G1 X118.493 Y111.926 E12.38486
G1 X117.882 Y112.537 E12.42407
G1 X117.118 Y114.522 E12.52061
G1 X116.507 Y115.133 E12.55982
G1 X114.522 Y115.897 E12.65636
G1 X113.912 Y116.507 E12.69557
G1 X113.148 Y118.493 E12.7921
G1 X112.537 Y119.103 E12.83131
G1 X110.552 Y119.867 E12.92785
G1 X109.941 Y120.478 E12.96706
G1 X109.178 Y122.463 E13.0636
G1 X108.567 Y123.074 E13.1028
G1 X108.437 Y123.123 E13.10911
G1 X108.437 Y119.153 E13.28932
G1 X108.567 Y119.103 E13.29562
G1 X109.178 Y118.493 E13.33483
G1 X109.941 Y116.507 E13.43137
G1 X110.552 Y115.897 E13.47058
G1 X112.537 Y115.133 E13.56711
G1 X113.148 Y114.522 E13.60632
G1 X113.912 Y112.537 E13.70286
G1 X114.522 Y111.926 E13.74207
G1 X116.507 Y111.163 E13.83861
G1 X117.118 Y110.552 E13.87782
G1 X117.882 Y108.567 E13.97435
G1 X118.011 Y108.437 E13.98268
G1 X114.041 Y108.437 E14.16288
G1 X113.912 Y108.567 E14.1712
G1 X113.148 Y110.552 E14.26774
G1 X112.537 Y111.163 E14.30695
G1 X110.552 Y111.926 E14.40349
G1 X109.941 Y112.537 E14.4427
G1 X109.178 Y114.522 E14.53923
G1 X108.567 Y115.133 E14.57844
G1 X108.437 Y115.183 E14.58475
G1 X108.437 Y111.213 E14.76495
G1 X108.567 Y111.163 E14.77126
G1 X109.178 Y110.552 E14.81047
G1 X109.941 Y108.567 E14.90701
G1 X110.071 Y108.437 E14.91533
G1 X108.511 Y108.437 E14.98612
; stop printing object test_cube.stl id:0 copy 0
;LAYER_CHANGE
;Z:8.6
;HEIGHT:0.280001
;_SET_FAN_SPEED_CHANGING_LAYER
; printing object test_cube.stl id:0 copy 0
G1 E14.18612 F1800
G92 E0
G1 X113.897 Y113.845 Z9 F9000
G1 X126.855 Y126.855 Z9
G1 Z8.6
G1 E.8 F1800
;TYPE:Inner wall
;WIDTH:0.45
G1 F1099.152
G1 X108.145 Y126.855 E1.64925
G1 X108.145 Y108.145 E2.49849
G1 X126.855 Y108.145 E3.34774
G1 X126.855 Y126.815 E4.19517
G1 X127.275 Y127.275 F9000
;TYPE:Outer wall
G1 F1099.152
G1 X107.725 Y127.275 E5.08254
G1 X107.725 Y107.725 E5.96991
G1 X127.275 Y107.725 E6.85728
G1 X127.275 Y127.235 E7.74283
M73 P44 R17
G1 X125.878 Y126.563 F9000
;TYPE:Sparse infill
;WIDTH:0.45
G1 F1099.151
G1 X124.318 Y126.563 E7.81362
G1 X126.563 Y124.318 E7.95769
G1 X126.563 Y120.348 E8.1379
G1 X120.348 Y126.563 E8.53682
G1 X116.378 Y126.563 E8.71702
G1 X126.563 Y116.378 E9.3708
G1 X126.563 Y112.408 E9.551
G1 X112.408 Y126.563 E10.45963
G1 X110.848 Y126.563 E10.53042
G1 X108.437 Y117.063 F9000
G1 F1099.151
G1 X108.437 Y118.622 E10.60121
G1 X118.622 Y108.437 E11.25498
G1 X114.652 Y108.437 E11.43519
G1 X108.437 Y114.652 E11.83411
G1 X108.437 Y110.682 E12.01431
G1 X110.682 Y108.437 E12.15838
G1 X109.122 Y108.437 E12.22918
G1 X124.152 Y108.437 F9000
G1 F1099.151
G1 X122.592 Y108.437 E12.29997
G1 X108.437 Y122.592 E13.20859
G1 X108.437 Y126.563 E13.3888
G1 X126.563 Y108.437 E14.55227
G1 X126.563 Y109.997 E14.62306
; stop printing object test_cube.stl id:0 copy 0
;LAYER_CHANGE
;Z:8.88
;HEIGHT:0.28
;_SET_FAN_SPEED_CHANGING_LAYER
; printing object test_cube.stl id:0 copy 0
G1 E13.82306 F1800
G92 E0
G1 X126.695 Y117.628 Z9.28 F9000
G1 X126.855 Y126.855 Z9.28
G1 Z8.88
G1 E.8 F1800
;TYPE:Inner wall
;WIDTH:0.45
G1 F1099.152
G1 X108.145 Y126.855 E1.64925
G1 X108.145 Y108.145 E2.49849
G1 X126.855 Y108.145 E3.34774
G1 X126.855 Y126.815 E4.19517
M73 P44 R16
G1 X127.275 Y127.275 F9000
;TYPE:Outer wall
G1 F1099.152
G1 X107.725 Y127.275 E5.08254
G1 X107.725 Y107.725 E5.96991
G1 X127.275 Y107.725 E6.85728
G1 X127.275 Y127.235 E7.74283
G1 X125.878 Y126.563 F9000
M73 P45 R16
;TYPE:Sparse infill
;WIDTH:0.45
G1 F1099.151
G1 X124.318 Y126.563 E7.81362
G1 X126.563 Y124.318 E7.95769
G1 X126.563 Y120.348 E8.1379
G1 X120.348 Y126.563 E8.53682
G1 X116.378 Y126.563 E8.71702
G1 X126.563 Y116.378 E9.3708
G1 X126.563 Y112.408 E9.551
G1 X112.408 Y126.563 E10.45963
G1 X110.848 Y126.563 E10.53042
G1 X108.437 Y117.063 F9000
G1 F1099.151
G1 X108.437 Y118.622 E10.60121
G1 X118.622 Y108.437 E11.25498
G1 X114.652 Y108.437 E11.43519
G1 X108.437 Y114.652 E11.83411
G1 X108.437 Y110.682 E12.01431
G1 X110.682 Y108.437 E12.15838
G1 X109.122 Y108.437 E12.22918
G1 X124.152 Y108.437 F9000
G1 F1099.151
G1 X122.592 Y108.437 E12.29997
G1 X108.437 Y122.592 E13.20859
G1 X108.437 Y126.563 E13.3888
G1 X126.563 Y108.437 E14.55227
G1 X126.563 Y109.997 E14.62306
; stop printing object test_cube.stl id:0 copy 0
;LAYER_CHANGE
;Z:9.16
;HEIGHT:0.28
;_SET_FAN_SPEED_CHANGING_LAYER
; printing object test_cube.stl id:0 copy 0
G1 E13.82306 F1800
G92 E0
G1 X126.695 Y117.628 Z9.56 F9000
G1 X126.855 Y126.855 Z9.56
G1 Z9.16
G1 E.8 F1800
;TYPE:Inner wall
;WIDTH:0.45
G1 F1099.152
G1 X108.145 Y126.855 E1.64925
G1 X108.145 Y108.145 E2.49849
G1 X126.855 Y108.145 E3.34774
G1 X126.855 Y126.815 E4.19517
G1 X127.275 Y127.275 F9000
;TYPE:Outer wall
G1 F1099.152
G1 X107.725 Y127.275 E5.08254
G1 X107.725 Y107.725 E5.96991
G1 X127.275 Y107.725 E6.85728
G1 X127.275 Y127.235 E7.74283
G1 X125.878 Y126.563 F9000
;TYPE:Sparse infill
;WIDTH:0.45
G1 F1099.151
G1 X124.318 Y126.563 E7.81362
G1 X126.563 Y124.318 E7.95769
M73 P46 R16
G1 X126.563 Y120.348 E8.1379
G1 X120.348 Y126.563 E8.53682
G1 X116.378 Y126.563 E8.71702
G1 X126.563 Y116.378 E9.3708
G1 X126.563 Y112.408 E9.551
G1 X112.408 Y126.563 E10.45963
G1 X110.848 Y126.563 E10.53042
G1 X108.437 Y117.063 F9000
G1 F1099.151
G1 X108.437 Y118.622 E10.60121
G1 X118.622 Y108.437 E11.25498
G1 X114.652 Y108.437 E11.43519
G1 X108.437 Y114.652 E11.83411
G1 X108.437 Y110.682 E12.01431
G1 X110.682 Y108.437 E12.15838
G1 X109.122 Y108.437 E12.22918
G1 X124.152 Y108.437 F9000
G1 F1099.151
G1 X122.592 Y108.437 E12.29997
G1 X108.437 Y122.592 E13.20859
G1 X108.437 Y126.563 E13.3888
G1 X126.563 Y108.437 E14.55227
G1 X126.563 Y109.997 E14.62306
; stop printing object test_cube.stl id:0 copy 0
;LAYER_CHANGE
;Z:9.44
;HEIGHT:0.28
;_SET_FAN_SPEED_CHANGING_LAYER
; printing object test_cube.stl id:0 copy 0
G1 E13.82306 F1800
G92 E0
G1 X126.695 Y117.628 Z9.84 F9000
G1 X126.855 Y126.855 Z9.84
G1 Z9.44
G1 E.8 F1800
;TYPE:Inner wall
;WIDTH:0.45
G1 F1099.152
G1 X108.145 Y126.855 E1.64925
G1 X108.145 Y108.145 E2.49849
G1 X126.855 Y108.145 E3.34774
G1 X126.855 Y126.815 E4.19517
G1 X127.275 Y127.275 F9000
;TYPE:Outer wall
G1 F1099.152
G1 X107.725 Y127.275 E5.08254
G1 X107.725 Y107.725 E5.96991
G1 X127.275 Y107.725 E6.85728
G1 X127.275 Y127.235 E7.74283
G1 X125.878 Y126.563 F9000
;TYPE:Sparse infill
;WIDTH:0.45
G1 F1099.151
G1 X124.318 Y126.563 E7.81362
G1 X126.563 Y124.318 E7.95769
G1 X126.563 Y120.348 E8.1379
G1 X120.348 Y126.563 E8.53682
G1 X116.378 Y126.563 E8.71702
M73 P47 R16
G1 X126.563 Y116.378 E9.3708
G1 X126.563 Y112.408 E9.551
G1 X112.408 Y126.563 E10.45963
G1 X110.848 Y126.563 E10.53042
G1 X108.437 Y117.063 F9000
G1 F1099.151
G1 X108.437 Y118.622 E10.60121
G1 X118.622 Y108.437 E11.25498
G1 X114.652 Y108.437 E11.43519
G1 X108.437 Y114.652 E11.83411
G1 X108.437 Y110.682 E12.01431
G1 X110.682 Y108.437 E12.15838
G1 X109.122 Y108.437 E12.22918
G1 X124.152 Y108.437 F9000
G1 F1099.151
G1 X122.592 Y108.437 E12.29997
G1 X108.437 Y122.592 E13.20859
G1 X108.437 Y126.563 E13.3888
G1 X126.563 Y108.437 E14.55227
G1 X126.563 Y109.997 E14.62306
; stop printing object test_cube.stl id:0 copy 0
;LAYER_CHANGE
;Z:9.72
;HEIGHT:0.280001
;_SET_FAN_SPEED_CHANGING_LAYER
; printing object test_cube.stl id:0 copy 0
G1 E13.82306 F1800
G92 E0
G1 X126.695 Y117.628 Z10.12 F9000
G1 X126.855 Y126.855 Z10.12
G1 Z9.72
G1 E.8 F1800
;TYPE:Inner wall
;WIDTH:0.45
G1 F1099.152
G1 X108.145 Y126.855 E1.64925
G1 X108.145 Y108.145 E2.49849
G1 X126.855 Y108.145 E3.34774
G1 X126.855 Y126.815 E4.19517
G1 X127.275 Y127.275 F9000
;TYPE:Outer wall
G1 F1099.152
G1 X107.725 Y127.275 E5.08254
G1 X107.725 Y107.725 E5.96991
G1 X127.275 Y107.725 E6.85728
G1 X127.275 Y127.235 E7.74283
G1 X125.878 Y126.563 F9000
;TYPE:Sparse infill
;WIDTH:0.45
G1 F1099.151
G1 X124.318 Y126.563 E7.81362
G1 X126.563 Y124.318 E7.95769
G1 X126.563 Y120.348 E8.1379
G1 X120.348 Y126.563 E8.53682
G1 X116.378 Y126.563 E8.71702
G1 X126.563 Y116.378 E9.3708
G1 X126.563 Y112.408 E9.551
M73 P48 R15
G1 X112.408 Y126.563 E10.45963
G1 X110.848 Y126.563 E10.53042
G1 X108.437 Y117.063 F9000
G1 F1099.151
G1 X108.437 Y118.622 E10.60121
G1 X118.622 Y108.437 E11.25498
G1 X114.652 Y108.437 E11.43519
G1 X108.437 Y114.652 E11.83411
G1 X108.437 Y110.682 E12.01431
G1 X110.682 Y108.437 E12.15838
G1 X109.122 Y108.437 E12.22918
G1 X124.152 Y108.437 F9000
G1 F1099.151
G1 X122.592 Y108.437 E12.29997
G1 X108.437 Y122.592 E13.20859
G1 X108.437 Y126.563 E13.3888
G1 X126.563 Y108.437 E14.55227
G1 X126.563 Y109.997 E14.62306
; stop printing object test_cube.stl id:0 copy 0
;LAYER_CHANGE
;Z:10
;HEIGHT:0.28
;_SET_FAN_SPEED_CHANGING_LAYER
; printing object test_cube.stl id:0 copy 0
G1 E13.82306 F1800
G92 E0
G1 X126.695 Y117.628 Z10.4 F9000
G1 X126.855 Y126.855 Z10.4
G1 Z10
G1 E.8 F1800
;TYPE:Inner wall
;WIDTH:0.45
G1 F1099.152
G1 X108.145 Y126.855 E1.64925
G1 X108.145 Y108.145 E2.49849
G1 X126.855 Y108.145 E3.34774
G1 X126.855 Y126.815 E4.19517
G1 X127.275 Y127.275 F9000
;TYPE:Outer wall
G1 F1099.152
G1 X107.725 Y127.275 E5.08254
G1 X107.725 Y107.725 E5.96991
G1 X127.275 Y107.725 E6.85728
G1 X127.275 Y127.235 E7.74283
G1 X125.878 Y126.563 F9000
;TYPE:Sparse infill
;WIDTH:0.45
G1 F1099.151
G1 X124.318 Y126.563 E7.81362
G1 X126.563 Y124.318 E7.95769
G1 X126.563 Y120.348 E8.1379
G1 X120.348 Y126.563 E8.53682
G1 X116.378 Y126.563 E8.71702
G1 X126.563 Y116.378 E9.3708
G1 X126.563 Y112.408 E9.551
G1 X112.408 Y126.563 E10.45963
G1 X110.848 Y126.563 E10.53042
M73 P49 R15
G1 X108.437 Y117.063 F9000
G1 F1099.151
G1 X108.437 Y118.622 E10.60121
G1 X118.622 Y108.437 E11.25498
G1 X114.652 Y108.437 E11.43519
G1 X108.437 Y114.652 E11.83411
G1 X108.437 Y110.682 E12.01431
G1 X110.682 Y108.437 E12.15838
G1 X109.122 Y108.437 E12.22918
G1 X124.152 Y108.437 F9000
G1 F1099.151
G1 X122.592 Y108.437 E12.29997
G1 X108.437 Y122.592 E13.20859
G1 X108.437 Y126.563 E13.3888
G1 X126.563 Y108.437 E14.55227
G1 X126.563 Y109.997 E14.62306
; stop printing object test_cube.stl id:0 copy 0
;LAYER_CHANGE
;Z:10.28
;HEIGHT:0.28
;_SET_FAN_SPEED_CHANGING_LAYER
; printing object test_cube.stl id:0 copy 0
G1 E13.82306 F1800
G92 E0
G1 X126.695 Y117.628 Z10.68 F9000
G1 X126.855 Y126.855 Z10.68
G1 Z10.28
G1 E.8 F1800
;TYPE:Inner wall
;WIDTH:0.45
G1 F1099.152
G1 X108.145 Y126.855 E1.64925
G1 X108.145 Y108.145 E2.49849
G1 X126.855 Y108.145 E3.34774
G1 X126.855 Y126.815 E4.19517
G1 X127.275 Y127.275 F9000
;TYPE:Outer wall
G1 F1099.152
G1 X107.725 Y127.275 E5.08254
G1 X107.725 Y107.725 E5.96991
G1 X127.275 Y107.725 E6.85728
G1 X127.275 Y127.235 E7.74283
G1 X126.51 Y126.563 F9000
;TYPE:Sparse infill
;WIDTH:0.45
G1 F1099.151
G1 X124.951 Y126.563 E7.81362
G1 X125.08 Y126.433 E7.82194
G1 X125.8 Y124.448 E7.91779
G1 X126.433 Y123.815 E7.95839
G1 X126.563 Y123.768 E7.96465
G1 X126.563 Y119.798 E8.14486
G1 X126.433 Y119.845 E8.15112
G1 X125.8 Y120.478 E8.19172
G1 X125.08 Y122.463 E8.28757
G1 X124.448 Y123.095 E8.32817
G1 X122.463 Y123.815 E8.42402
G1 X121.83 Y124.448 E8.46462
G1 X121.11 Y126.433 E8.56047
G1 X120.981 Y126.563 E8.56879
G1 X117.01 Y126.563 E8.749
G1 X117.14 Y126.433 E8.75732
G1 X117.86 Y124.448 E8.85317
G1 X118.493 Y123.815 E8.89377
G1 X120.478 Y123.095 E8.98962
G1 X121.11 Y122.463 E9.03022
G1 X121.83 Y120.478 E9.12607
G1 X122.463 Y119.845 E9.16667
G1 X124.448 Y119.125 E9.26252
G1 X125.08 Y118.493 E9.30312
G1 X125.8 Y116.507 E9.39897
G1 X126.433 Y115.875 E9.43957
G1 X126.563 Y115.828 E9.44583
G1 X126.563 Y111.858 E9.62603
G1 X126.433 Y111.905 E9.63229
G1 X125.8 Y112.537 E9.6729
G1 X125.08 Y114.522 E9.76874
G1 X124.448 Y115.155 E9.80934
G1 X122.463 Y115.875 E9.90519
G1 X121.83 Y116.507 E9.94579
G1 X121.11 Y118.493 E10.04164
G1 X120.478 Y119.125 E10.08224
G1 X118.493 Y119.845 E10.17809
G1 X117.86 Y120.478 E10.21869
G1 X117.14 Y122.463 E10.31454
M73 P50 R15
G1 X116.507 Y123.095 E10.35514
G1 X114.522 Y123.815 E10.45099
G1 X113.89 Y124.448 E10.49159
G1 X113.17 Y126.433 E10.58744
G1 X113.04 Y126.563 E10.59576
G1 X109.07 Y126.563 E10.77597
G1 X109.2 Y126.433 E10.78429
G1 X109.92 Y124.448 E10.88014
G1 X110.552 Y123.815 E10.92074
G1 X112.537 Y123.095 E11.01659
G1 X113.17 Y122.463 E11.05719
G1 X113.89 Y120.478 E11.15304
G1 X114.522 Y119.845 E11.19364
G1 X116.507 Y119.125 E11.28949
G1 X117.14 Y118.493 E11.33009
G1 X117.86 Y116.507 E11.42594
G1 X118.493 Y115.875 E11.46654
G1 X120.478 Y115.155 E11.56239
G1 X121.11 Y114.522 E11.60299
G1 X121.83 Y112.537 E11.69884
G1 X122.463 Y111.905 E11.73944
G1 X124.448 Y111.185 E11.83529
G1 X125.08 Y110.552 E11.87589
G1 X125.8 Y108.567 E11.97174
G1 X125.93 Y108.437 E11.98006
G1 X121.96 Y108.437 E12.16027
G1 X121.83 Y108.567 E12.16859
G1 X121.11 Y110.552 E12.26444
G1 X120.478 Y111.185 E12.30504
G1 X118.493 Y111.905 E12.40089
G1 X117.86 Y112.537 E12.44149
G1 X117.14 Y114.522 E12.53734
G1 X116.507 Y115.155 E12.57794
G1 X114.522 Y115.875 E12.67379
G1 X113.89 Y116.507 E12.71439
G1 X113.17 Y118.493 E12.81024
G1 X112.537 Y119.125 E12.85084
G1 X110.552 Y119.845 E12.94669
G1 X109.92 Y120.478 E12.98729
G1 X109.2 Y122.463 E13.08314
G1 X108.567 Y123.095 E13.12374
G1 X108.437 Y123.142 E13.13
G1 X108.437 Y119.172 E13.3102
G1 X108.567 Y119.125 E13.31646
G1 X109.2 Y118.493 E13.35706
G1 X109.92 Y116.507 E13.45291
G1 X110.552 Y115.875 E13.49351
G1 X112.537 Y115.155 E13.58936
G1 X113.17 Y114.522 E13.62996
G1 X113.89 Y112.537 E13.72581
G1 X114.522 Y111.905 E13.76641
G1 X116.507 Y111.185 E13.86226
G1 X117.14 Y110.552 E13.90286
G1 X117.86 Y108.567 E13.99871
G1 X117.99 Y108.437 E14.00703
G1 X114.019 Y108.437 E14.18724
G1 X113.89 Y108.567 E14.19556
G1 X113.17 Y110.552 E14.29141
G1 X112.537 Y111.185 E14.33201
G1 X110.552 Y111.905 E14.42786
G1 X109.92 Y112.537 E14.46846
G1 X109.2 Y114.522 E14.56431
G1 X108.567 Y115.155 E14.60491
G1 X108.437 Y115.202 E14.61117
G1 X108.437 Y111.232 E14.79138
G1 X108.567 Y111.185 E14.79764
G1 X109.2 Y110.552 E14.83824
G1 X109.92 Y108.567 E14.93409
G1 X110.049 Y108.437 E14.94241
G1 X108.49 Y108.437 E15.0132
; stop printing object test_cube.stl id:0 copy 0
M106 S204
;LAYER_CHANGE
;Z:10.56
;HEIGHT:0.280001
;_SET_FAN_SPEED_CHANGING_LAYER
; printing object test_cube.stl id:0 copy 0
G1 E14.2132 F1800
G92 E0
G1 X113.879 Y113.842 Z10.96 F9000
G1 X126.855 Y126.855 Z10.96
G1 Z10.56
G1 E.8 F1800
;TYPE:Inner wall
;WIDTH:0.45
G1 F1099.152
G1 X108.145 Y126.855 E1.64925
G1 X108.145 Y108.145 E2.49849
G1 X126.855 Y108.145 E3.34774
G1 X126.855 Y126.815 E4.19517
G1 X127.275 Y127.275 F9000
;TYPE:Outer wall
G1 F1099.152
G1 X107.725 Y127.275 E5.08254
G1 X107.725 Y107.725 E5.96991
G1 X127.275 Y107.725 E6.85728
G1 X127.275 Y127.235 E7.74283
G1 X126.563 Y126.12 F9000
;TYPE:Sparse infill
;WIDTH:0.45
G1 F1099.151
G1 X126.563 Y126.563 E7.76292
G1 X125.446 Y126.563 E7.81362
G1 X125.575 Y126.433 E7.82194
G1 X125.305 Y124.448 E7.91288
G1 X126.433 Y123.32 E7.98525
G1 X126.563 Y123.338 E7.99119
G1 X126.563 Y119.368 E8.1714
G1 X126.433 Y119.35 E8.17733
G1 X125.305 Y120.478 E8.24971
G1 X125.575 Y122.463 E8.34064
G1 X124.448 Y123.59 E8.41301
G1 X122.463 Y123.32 E8.50395
G1 X121.335 Y124.448 E8.57632
G1 X121.605 Y126.433 E8.66725
G1 X121.475 Y126.563 E8.67558
G1 X117.505 Y126.563 E8.85578
G1 X117.635 Y126.433 E8.8641
G1 X117.365 Y124.448 E8.95504
G1 X118.493 Y123.32 E9.02741
G1 X120.478 Y123.59 E9.11834
G1 X121.605 Y122.463 E9.19072
G1 X121.335 Y120.478 E9.28165
G1 X122.463 Y119.35 E9.35402
G1 X124.448 Y119.62 E9.44496
G1 X125.575 Y118.493 E9.51733
G1 X125.305 Y116.507 E9.60826
G1 X126.433 Y115.38 E9.68064
G1 X126.563 Y115.398 E9.68658
G1 X126.563 Y111.427 E9.86678
G1 X126.433 Y111.41 E9.87272
G1 X125.305 Y112.537 E9.94509
G1 X125.575 Y114.522 E10.03603
G1 X124.448 Y115.65 E10.1084
G1 X122.463 Y115.38 E10.19933
G1 X121.335 Y116.507 E10.27171
G1 X121.605 Y118.493 E10.36264
G1 X120.478 Y119.62 E10.43501
G1 X118.493 Y119.35 E10.52595
G1 X117.365 Y120.478 E10.59832
G1 X117.635 Y122.463 E10.68925
G1 X116.507 Y123.59 E10.76163
G1 X114.522 Y123.32 E10.85256
M73 P51 R15
G1 X113.395 Y124.448 E10.92493
G1 X113.665 Y126.433 E11.01587
G1 X113.535 Y126.563 E11.02419
G1 X109.565 Y126.563 E11.20439
G1 X109.695 Y126.433 E11.21272
G1 X109.425 Y124.448 E11.30365
G1 X110.552 Y123.32 E11.37602
G1 X112.537 Y123.59 E11.46696
G1 X113.665 Y122.463 E11.53933
G1 X113.395 Y120.478 E11.63026
G1 X114.522 Y119.35 E11.70264
G1 X116.507 Y119.62 E11.79357
G1 X117.635 Y118.493 E11.86594
G1 X117.365 Y116.507 E11.95688
G1 X118.493 Y115.38 E12.02925
G1 X120.478 Y115.65 E12.12018
G1 X121.605 Y114.522 E12.19256
G1 X121.335 Y112.537 E12.28349
G1 X122.463 Y111.41 E12.35586
G1 X124.448 Y111.68 E12.44679
G1 X125.575 Y110.552 E12.51917
G1 X125.305 Y108.567 E12.6101
G1 X125.435 Y108.437 E12.61842
G1 X121.465 Y108.437 E12.79863
G1 X121.335 Y108.567 E12.80695
G1 X121.605 Y110.552 E12.89788
G1 X120.478 Y111.68 E12.97026
G1 X118.493 Y111.41 E13.06119
G1 X117.365 Y112.537 E13.13357
G1 X117.635 Y114.522 E13.2245
G1 X116.507 Y115.65 E13.29687
G1 X114.522 Y115.38 E13.3878
G1 X113.395 Y116.507 E13.46018
G1 X113.665 Y118.493 E13.55111
G1 X112.537 Y119.62 E13.62348
G1 X110.552 Y119.35 E13.71442
G1 X109.425 Y120.478 E13.78679
G1 X109.695 Y122.463 E13.87772
G1 X108.567 Y123.59 E13.9501
G1 X108.437 Y123.573 E13.95604
G1 X108.437 Y119.602 E14.13624
G1 X108.567 Y119.62 E14.14218
G1 X109.695 Y118.493 E14.21456
G1 X109.425 Y116.507 E14.30549
G1 X110.552 Y115.38 E14.37786
M73 P51 R14
G1 X112.537 Y115.65 E14.46879
G1 X113.665 Y114.522 E14.54117
G1 X113.395 Y112.537 E14.6321
G1 X114.522 Y111.41 E14.70448
G1 X116.507 Y111.68 E14.79541
G1 X117.635 Y110.552 E14.86778
G1 X117.365 Y108.567 E14.95871
G1 X117.495 Y108.437 E14.96704
G1 X113.525 Y108.437 E15.14724
G1 X113.395 Y108.567 E15.15556
G1 X113.665 Y110.552 E15.2465
G1 X112.537 Y111.68 E15.31887
G1 X110.552 Y111.41 E15.4098
G1 X109.425 Y112.537 E15.48218
G1 X109.695 Y114.522 E15.57311
G1 X108.567 Y115.65 E15.64548
G1 X108.437 Y115.632 E15.65142
G1 X108.437 Y111.662 E15.83163
G1 X108.567 Y111.68 E15.83757
G1 X109.695 Y110.552 E15.90994
G1 X109.425 Y108.567 E16.00088
G1 X109.554 Y108.437 E16.0092
G1 X108.437 Y108.437 E16.05989
G1 X108.437 Y108.88 E16.07999
; stop printing object test_cube.stl id:0 copy 0
M106 S206
;LAYER_CHANGE
;Z:10.84
;HEIGHT:0.28
;_SET_FAN_SPEED_CHANGING_LAYER
; printing object test_cube.stl id:0 copy 0
G1 E15.27999 F1800
G92 E0
G1 X113.9 Y114.211 Z11.24 F9000
G1 X126.855 Y126.855 Z11.24
G1 Z10.84
G1 E.8 F1800
;TYPE:Inner wall
;WIDTH:0.45
G1 F1099.152
G1 X108.145 Y126.855 E1.64925
G1 X108.145 Y108.145 E2.49849
G1 X126.855 Y108.145 E3.34774
G1 X126.855 Y126.815 E4.19517
G1 X127.275 Y127.275 F9000
;TYPE:Outer wall
G1 F1099.152
G1 X107.725 Y127.275 E5.08254
G1 X107.725 Y107.725 E5.96991
G1 X127.275 Y107.725 E6.85728
G1 X127.275 Y127.235 E7.74283
G1 X126.563 Y125.763 F9000
;TYPE:Sparse infill
;WIDTH:0.45
G1 F1099.151
G1 X126.563 Y126.563 E7.77914
G1 X125.803 Y126.563 E7.81362
G1 X125.673 Y126.433 E7.82194
G1 X125.208 Y124.448 E7.91449
G1 X124.448 Y123.688 E7.96326
G1 X122.463 Y123.222 E8.05581
G1 X121.703 Y122.463 E8.10457
G1 X121.237 Y120.478 E8.19712
G1 X120.478 Y119.718 E8.24589
G1 X118.493 Y119.252 E8.33844
G1 X117.733 Y118.493 E8.3872
G1 X117.267 Y116.507 E8.47975
G1 X116.507 Y115.748 E8.52851
G1 X114.522 Y115.282 E8.62106
G1 X113.763 Y114.522 E8.66983
G1 X113.297 Y112.537 E8.76238
G1 X112.537 Y111.778 E8.81114
G1 X110.552 Y111.312 E8.90369
G1 X109.792 Y110.552 E8.95245
G1 X109.327 Y108.567 E9.04501
G1 X109.197 Y108.437 E9.05333
G1 X113.167 Y108.437 E9.23353
G1 X113.297 Y108.567 E9.24186
G1 X113.763 Y110.552 E9.33441
G1 X114.522 Y111.312 E9.38317
G1 X116.507 Y111.778 E9.47572
G1 X117.267 Y112.537 E9.52448
G1 X117.733 Y114.522 E9.61703
G1 X118.493 Y115.282 E9.6658
G1 X120.478 Y115.748 E9.75835
G1 X121.237 Y116.507 E9.80711
G1 X121.703 Y118.493 E9.89966
G1 X122.463 Y119.252 E9.94843
G1 X124.448 Y119.718 E10.04098
G1 X125.208 Y120.478 E10.08974
G1 X125.673 Y122.463 E10.18229
M73 P52 R14
G1 X126.433 Y123.222 E10.23105
G1 X126.563 Y123.253 E10.2371
G1 X126.563 Y119.283 E10.41731
G1 X126.433 Y119.252 E10.42335
G1 X125.673 Y118.493 E10.47211
G1 X125.208 Y116.507 E10.56466
G1 X124.448 Y115.748 E10.61343
G1 X122.463 Y115.282 E10.70598
G1 X121.703 Y114.522 E10.75474
G1 X121.237 Y112.537 E10.84729
G1 X120.478 Y111.778 E10.89606
G1 X118.493 Y111.312 E10.98861
G1 X117.733 Y110.552 E11.03737
G1 X117.267 Y108.567 E11.12992
G1 X117.137 Y108.437 E11.13824
G1 X121.108 Y108.437 E11.31845
G1 X121.237 Y108.567 E11.32677
G1 X121.703 Y110.552 E11.41932
G1 X122.463 Y111.312 E11.46808
G1 X124.448 Y111.778 E11.56063
G1 X125.208 Y112.537 E11.6094
G1 X125.673 Y114.522 E11.70195
G1 X126.433 Y115.282 E11.75071
G1 X126.563 Y115.312 E11.75676
G1 X126.563 Y111.342 E11.93696
G1 X126.433 Y111.312 E11.94301
G1 X125.673 Y110.552 E11.99177
G1 X125.208 Y108.567 E12.08432
G1 X125.078 Y108.437 E12.09264
G1 X126.563 Y108.437 E12.16004
G1 X126.563 Y108.512 E12.16344
G1 X108.437 Y110.188 F9000
G1 F1099.151
G1 X108.437 Y111.747 E12.23423
G1 X108.567 Y111.778 E12.24027
G1 X109.327 Y112.537 E12.28904
G1 X109.792 Y114.522 E12.38159
G1 X110.552 Y115.282 E12.43035
G1 X112.537 Y115.748 E12.5229
G1 X113.297 Y116.507 E12.57166
G1 X113.763 Y118.493 E12.66421
G1 X114.522 Y119.252 E12.71298
G1 X116.507 Y119.718 E12.80553
G1 X117.267 Y120.478 E12.85429
G1 X117.733 Y122.463 E12.94684
G1 X118.493 Y123.222 E12.99561
G1 X120.478 Y123.688 E13.08816
G1 X121.237 Y124.448 E13.13692
G1 X121.703 Y126.433 E13.22947
G1 X121.833 Y126.563 E13.23779
G1 X117.863 Y126.563 E13.418
G1 X117.733 Y126.433 E13.42632
G1 X117.267 Y124.448 E13.51887
G1 X116.507 Y123.688 E13.56763
G1 X114.522 Y123.222 E13.66019
G1 X113.763 Y122.463 E13.70895
G1 X113.297 Y120.478 E13.8015
G1 X112.537 Y119.718 E13.85026
G1 X110.552 Y119.252 E13.94281
G1 X109.792 Y118.493 E13.99158
G1 X109.327 Y116.507 E14.08413
G1 X108.567 Y115.748 E14.13289
G1 X108.437 Y115.717 E14.13893
G1 X108.437 Y114.158 E14.20973
G1 X108.437 Y126.488 F9000
G1 F1099.151
G1 X108.437 Y126.563 E14.21313
G1 X109.922 Y126.563 E14.28052
G1 X109.792 Y126.433 E14.28884
G1 X109.327 Y124.448 E14.38139
G1 X108.567 Y123.688 E14.43015
G1 X108.437 Y123.658 E14.4362
G1 X108.437 Y119.688 E14.61641
G1 X108.567 Y119.718 E14.62245
G1 X109.327 Y120.478 E14.67121
G1 X109.792 Y122.463 E14.76376
G1 X110.552 Y123.222 E14.81253
G1 X112.537 Y123.688 E14.90508
G1 X113.297 Y124.448 E14.95384
G1 X113.763 Y126.433 E15.04639
G1 X113.892 Y126.563 E15.05471
G1 X112.333 Y126.563 E15.12551
; stop printing object test_cube.stl id:0 copy 0
M106 S209
;LAYER_CHANGE
;Z:11.12
;HEIGHT:0.28
;_SET_FAN_SPEED_CHANGING_LAYER
; printing object test_cube.stl id:0 copy 0
G1 E14.32551 F1800
G92 E0
G1 X119.964 Y126.716 Z11.52 F9000
G1 X126.855 Y126.855 Z11.52
G1 Z11.12
G1 E.8 F1800
;TYPE:Inner wall
;WIDTH:0.45
G1 F1099.152
G1 X108.145 Y126.855 E1.64925
G1 X108.145 Y108.145 E2.49849
G1 X126.855 Y108.145 E3.34774
G1 X126.855 Y126.815 E4.19517
G1 X127.275 Y127.275 F9000
;TYPE:Outer wall
G1 F1099.152
G1 X107.725 Y127.275 E5.08254
G1 X107.725 Y107.725 E5.96991
G1 X127.275 Y107.725 E6.85728
G1 X127.275 Y127.235 E7.74283
G1 E6.94283 F1800
G92 E0
G1 X119.648 Y126.957 Z11.52 F9000
G1 X108.857 Y126.563 Z11.52
G1 Z11.12
G1 E.8 F1800
;TYPE:Sparse infill
;WIDTH:0.45
G1 F1099.151
G1 X110.417 Y126.563 E.87079
G1 X110.287 Y126.433 E.87911
G1 X108.832 Y124.448 E.99085
G1 X108.567 Y124.183 E1.00784
G1 X108.437 Y124.088 E1.01514
G1 X108.437 Y120.118 E1.19534
G1 X108.567 Y120.213 E1.20264
G1 X108.832 Y120.478 E1.21963
G1 X110.287 Y122.463 E1.33136
G1 X110.552 Y122.727 E1.34836
G1 X112.537 Y124.183 E1.46009
G1 X112.802 Y124.448 E1.47708
G1 X114.258 Y126.433 E1.58881
G1 X114.387 Y126.563 E1.59714
G1 X118.358 Y126.563 E1.77734
G1 X118.228 Y126.433 E1.78567
G1 X116.772 Y124.448 E1.8974
G1 X116.507 Y124.183 E1.91439
G1 X114.522 Y122.727 E2.02612
G1 X114.258 Y122.463 E2.04312
G1 X112.802 Y120.478 E2.15485
G1 X112.537 Y120.213 E2.17184
G1 X110.552 Y118.757 E2.28357
G1 X110.287 Y118.493 E2.30057
G1 X108.832 Y116.507 E2.4123
G1 X108.567 Y116.243 E2.42929
G1 X108.437 Y116.148 E2.43659
G1 X108.437 Y112.177 E2.61679
G1 X108.567 Y112.273 E2.62409
G1 X108.832 Y112.537 E2.64108
G1 X110.287 Y114.522 E2.75282
G1 X110.552 Y114.787 E2.76981
G1 X112.537 Y116.243 E2.88154
G1 X112.802 Y116.507 E2.89853
M73 P53 R14
G1 X114.258 Y118.493 E3.01027
G1 X114.522 Y118.757 E3.02726
G1 X116.507 Y120.213 E3.13899
G1 X116.772 Y120.478 E3.15598
G1 X118.228 Y122.463 E3.26772
G1 X118.493 Y122.727 E3.28471
G1 X120.478 Y124.183 E3.39644
G1 X120.742 Y124.448 E3.41343
G1 X122.198 Y126.433 E3.52517
G1 X122.328 Y126.563 E3.53349
G1 X126.298 Y126.563 E3.71369
G1 X126.168 Y126.433 E3.72202
G1 X124.713 Y124.448 E3.83375
G1 X124.448 Y124.183 E3.85074
G1 X122.463 Y122.727 E3.96248
G1 X122.198 Y122.463 E3.97947
G1 X120.742 Y120.478 E4.0912
G1 X120.478 Y120.213 E4.10819
G1 X118.493 Y118.757 E4.21992
G1 X118.228 Y118.493 E4.23692
G1 X116.772 Y116.507 E4.34865
G1 X116.507 Y116.243 E4.36564
G1 X114.522 Y114.787 E4.47737
G1 X114.258 Y114.522 E4.49437
G1 X112.802 Y112.537 E4.6061
G1 X112.537 Y112.273 E4.62309
G1 X110.552 Y110.817 E4.73482
G1 X110.287 Y110.552 E4.75182
G1 X108.832 Y108.567 E4.86355
G1 X108.702 Y108.437 E4.87187
G1 X112.672 Y108.437 E5.05208
G1 X112.802 Y108.567 E5.0604
G1 X114.258 Y110.552 E5.17213
G1 X114.522 Y110.817 E5.18912
G1 X116.507 Y112.273 E5.30086
G1 X116.772 Y112.537 E5.31785
G1 X118.228 Y114.522 E5.42958
G1 X118.493 Y114.787 E5.44657
G1 X120.478 Y116.243 E5.55831
G1 X120.742 Y116.507 E5.5753
G1 X122.198 Y118.493 E5.68703
G1 X122.463 Y118.757 E5.70402
G1 X124.448 Y120.213 E5.81576
G1 X124.713 Y120.478 E5.83275
G1 X126.168 Y122.463 E5.94448
G1 X126.433 Y122.727 E5.96147
G1 X126.563 Y122.823 E5.96877
G1 X126.563 Y118.852 E6.14898
G1 X126.433 Y118.757 E6.15628
G1 X126.168 Y118.493 E6.17327
G1 X124.713 Y116.507 E6.285
G1 X124.448 Y116.243 E6.30199
G1 X122.463 Y114.787 E6.41373
G1 X122.198 Y114.522 E6.43072
G1 X120.742 Y112.537 E6.54245
G1 X120.478 Y112.273 E6.55944
G1 X118.493 Y110.817 E6.67117
G1 X118.228 Y110.552 E6.68817
G1 X116.772 Y108.567 E6.7999
G1 X116.642 Y108.437 E6.80822
G1 X120.613 Y108.437 E6.98843
G1 X120.742 Y108.567 E6.99675
G1 X122.198 Y110.552 E7.10848
G1 X122.463 Y110.817 E7.12548
G1 X124.448 Y112.273 E7.23721
G1 X124.713 Y112.537 E7.2542
G1 X126.168 Y114.522 E7.36593
G1 X126.433 Y114.787 E7.38293
G1 X126.563 Y114.882 E7.39022
G1 X126.563 Y110.912 E7.57043
G1 X126.433 Y110.817 E7.57773
G1 X126.168 Y110.552 E7.59472
G1 X124.713 Y108.567 E7.70645
G1 X124.583 Y108.437 E7.71477
G1 X126.143 Y108.437 E7.78557
; stop printing object test_cube.stl id:0 copy 0
;LAYER_CHANGE
;Z:11.4
;HEIGHT:0.28
;_SET_FAN_SPEED_CHANGING_LAYER
; printing object test_cube.stl id:0 copy 0
G1 E6.98557 F1800
G92 E0
G1 X126.438 Y116.064 Z11.8 F9000
G1 X126.855 Y126.855 Z11.8
G1 Z11.4
G1 E.8 F1800
;TYPE:Inner wall
;WIDTH:0.45
G1 F1099.152
G1 X108.145 Y126.855 E1.64925
G1 X108.145 Y108.145 E2.49849
G1 X126.855 Y108.145 E3.34774
G1 X126.855 Y126.815 E4.19517
G1 X127.275 Y127.275 F9000
;TYPE:Outer wall
G1 F1099.152
G1 X107.725 Y127.275 E5.08254
G1 X107.725 Y107.725 E5.96991
G1 X127.275 Y107.725 E6.85728
G1 X127.275 Y127.235 E7.74283
G1 E6.94283 F1800
G92 E0
G1 X121.033 Y126.563 Z11.8 F9000
G1 Z11.4
G1 E.8 F1800
;TYPE:Sparse infill
;WIDTH:0.45
G1 F1099.151
G1 X122.592 Y126.563 E.87079
G1 X108.437 Y112.408 E1.77941
G1 X108.437 Y108.437 E1.95962
G1 X126.563 Y126.563 E3.12309
G1 X126.563 Y122.592 E3.3033
G1 X112.408 Y108.437 E4.21192
G1 X113.967 Y108.437 E4.28272
M73 P54 R14
G1 X108.437 Y114.818 F9000
G1 F1099.151
G1 X108.437 Y116.378 E4.35351
G1 X118.622 Y126.563 E5.00728
G1 X114.652 Y126.563 E5.18749
G1 X108.437 Y120.348 E5.58641
G1 X108.437 Y124.318 E5.76661
G1 X110.682 Y126.563 E5.91068
G1 X109.122 Y126.563 E5.98147
G1 X126.563 Y120.182 F9000
G1 F1099.151
G1 X126.563 Y118.622 E6.05227
G1 X116.378 Y108.437 E6.70604
G1 X120.348 Y108.437 E6.88625
G1 X126.563 Y114.652 E7.28517
G1 X126.563 Y110.682 E7.46537
G1 X124.318 Y108.437 E7.60944
G1 X125.878 Y108.437 E7.68023
; stop printing object test_cube.stl id:0 copy 0
;LAYER_CHANGE
;Z:11.68
;HEIGHT:0.280001
;_SET_FAN_SPEED_CHANGING_LAYER
; printing object test_cube.stl id:0 copy 0
G1 E6.88023 F1800
G92 E0
G1 X126.282 Y116.059 Z12.08 F9000
G1 X126.855 Y126.855 Z12.08
G1 Z11.68
G1 E.8 F1800
;TYPE:Inner wall
;WIDTH:0.45
G1 F1099.152
G1 X108.145 Y126.855 E1.64925
G1 X108.145 Y108.145 E2.49849
G1 X126.855 Y108.145 E3.34774
G1 X126.855 Y126.815 E4.19517
M73 P54 R13
G1 X127.275 Y127.275 F9000
;TYPE:Outer wall
G1 F1099.152
G1 X107.725 Y127.275 E5.08254
G1 X107.725 Y107.725 E5.96991
G1 X127.275 Y107.725 E6.85728
G1 X127.275 Y127.235 E7.74283
G1 E6.94283 F1800
G92 E0
G1 X121.033 Y126.563 Z12.08 F9000
G1 Z11.68
G1 E.8 F1800
;TYPE:Sparse infill
;WIDTH:0.45
G1 F1099.151
G1 X122.592 Y126.563 E.87079
G1 X108.437 Y112.408 E1.77941
G1 X108.437 Y108.437 E1.95962
G1 X126.563 Y126.563 E3.12309
G1 X126.563 Y122.592 E3.3033
G1 X112.408 Y108.437 E4.21192
G1 X113.967 Y108.437 E4.28272
M73 P55 R13
G1 X108.437 Y114.818 F9000
G1 F1099.151
G1 X108.437 Y116.378 E4.35351
G1 X118.622 Y126.563 E5.00728
G1 X114.652 Y126.563 E5.18749
G1 X108.437 Y120.348 E5.58641
G1 X108.437 Y124.318 E5.76661
G1 X110.682 Y126.563 E5.91068
G1 X109.122 Y126.563 E5.98147
G1 X126.563 Y120.182 F9000
G1 F1099.151
G1 X126.563 Y118.622 E6.05227
G1 X116.378 Y108.437 E6.70604
G1 X120.348 Y108.437 E6.88625
G1 X126.563 Y114.652 E7.28517
G1 X126.563 Y110.682 E7.46537
G1 X124.318 Y108.437 E7.60944
G1 X125.878 Y108.437 E7.68023
; stop printing object test_cube.stl id:0 copy 0
;LAYER_CHANGE
;Z:11.96
;HEIGHT:0.28
;_SET_FAN_SPEED_CHANGING_LAYER
; printing object test_cube.stl id:0 copy 0
G1 E6.88023 F1800
G92 E0
G1 X126.282 Y116.059 Z12.36 F9000
G1 X126.855 Y126.855 Z12.36
G1 Z11.96
G1 E.8 F1800
;TYPE:Inner wall
;WIDTH:0.45
G1 F1099.152
G1 X108.145 Y126.855 E1.64925
G1 X108.145 Y108.145 E2.49849
G1 X126.855 Y108.145 E3.34774
G1 X126.855 Y126.815 E4.19517
G1 X127.275 Y127.275 F9000
;TYPE:Outer wall
G1 F1099.152
G1 X107.725 Y127.275 E5.08254
G1 X107.725 Y107.725 E5.96991
G1 X127.275 Y107.725 E6.85728
G1 X127.275 Y127.235 E7.74283
G1 E6.94283 F1800
G92 E0
G1 X121.033 Y126.563 Z12.36 F9000
G1 Z11.96
G1 E.8 F1800
;TYPE:Sparse infill
;WIDTH:0.45
G1 F1099.151
G1 X122.592 Y126.563 E.87079
G1 X108.437 Y112.408 E1.77941
G1 X108.437 Y108.437 E1.95962
G1 X126.563 Y126.563 E3.12309
G1 X126.563 Y122.592 E3.3033
G1 X112.408 Y108.437 E4.21192
G1 X113.967 Y108.437 E4.28272
G1 X108.437 Y114.818 F9000
M73 P56 R13
G1 F1099.151
G1 X108.437 Y116.378 E4.35351
G1 X118.622 Y126.563 E5.00728
G1 X114.652 Y126.563 E5.18749
G1 X108.437 Y120.348 E5.58641
G1 X108.437 Y124.318 E5.76661
G1 X110.682 Y126.563 E5.91068
G1 X109.122 Y126.563 E5.98147
G1 X126.563 Y120.182 F9000
G1 F1099.151
G1 X126.563 Y118.622 E6.05227
G1 X116.378 Y108.437 E6.70604
G1 X120.348 Y108.437 E6.88625
G1 X126.563 Y114.652 E7.28517
G1 X126.563 Y110.682 E7.46537
G1 X124.318 Y108.437 E7.60944
G1 X125.878 Y108.437 E7.68023
; stop printing object test_cube.stl id:0 copy 0
;LAYER_CHANGE
;Z:12.24
;HEIGHT:0.28
;_SET_FAN_SPEED_CHANGING_LAYER
; printing object test_cube.stl id:0 copy 0
G1 E6.88023 F1800
G92 E0
G1 X126.282 Y116.059 Z12.64 F9000
G1 X126.855 Y126.855 Z12.64
G1 Z12.24
G1 E.8 F1800
;TYPE:Inner wall
;WIDTH:0.45
G1 F1099.152
G1 X108.145 Y126.855 E1.64925
G1 X108.145 Y108.145 E2.49849
G1 X126.855 Y108.145 E3.34774
G1 X126.855 Y126.815 E4.19517
G1 X127.275 Y127.275 F9000
;TYPE:Outer wall
G1 F1099.152
G1 X107.725 Y127.275 E5.08254
G1 X107.725 Y107.725 E5.96991
G1 X127.275 Y107.725 E6.85728
G1 X127.275 Y127.235 E7.74283
G1 E6.94283 F1800
G92 E0
G1 X121.033 Y126.563 Z12.64 F9000
G1 Z12.24
G1 E.8 F1800
;TYPE:Sparse infill
;WIDTH:0.45
G1 F1099.151
G1 X122.592 Y126.563 E.87079
G1 X108.437 Y112.408 E1.77941
G1 X108.437 Y108.437 E1.95962
G1 X126.563 Y126.563 E3.12309
G1 X126.563 Y122.592 E3.3033
G1 X112.408 Y108.437 E4.21192
G1 X113.967 Y108.437 E4.28272
G1 X108.437 Y114.818 F9000
G1 F1099.151
G1 X108.437 Y116.378 E4.35351
G1 X118.622 Y126.563 E5.00728
G1 X114.652 Y126.563 E5.18749
M73 P57 R13
G1 X108.437 Y120.348 E5.58641
G1 X108.437 Y124.318 E5.76661
G1 X110.682 Y126.563 E5.91068
G1 X109.122 Y126.563 E5.98147
G1 X126.563 Y120.182 F9000
G1 F1099.151
G1 X126.563 Y118.622 E6.05227
G1 X116.378 Y108.437 E6.70604
G1 X120.348 Y108.437 E6.88625
G1 X126.563 Y114.652 E7.28517
G1 X126.563 Y110.682 E7.46537
G1 X124.318 Y108.437 E7.60944
G1 X125.878 Y108.437 E7.68023
; stop printing object test_cube.stl id:0 copy 0
;LAYER_CHANGE
;Z:12.52
;HEIGHT:0.280001
;_SET_FAN_SPEED_CHANGING_LAYER
; printing object test_cube.stl id:0 copy 0
G1 E6.88023 F1800
G92 E0
G1 X126.282 Y116.059 Z12.92 F9000
G1 X126.855 Y126.855 Z12.92
G1 Z12.52
G1 E.8 F1800
;TYPE:Inner wall
;WIDTH:0.45
G1 F1099.152
G1 X108.145 Y126.855 E1.64925
G1 X108.145 Y108.145 E2.49849
G1 X126.855 Y108.145 E3.34774
G1 X126.855 Y126.815 E4.19517
G1 X127.275 Y127.275 F9000
;TYPE:Outer wall
G1 F1099.152
G1 X107.725 Y127.275 E5.08254
G1 X107.725 Y107.725 E5.96991
G1 X127.275 Y107.725 E6.85728
G1 X127.275 Y127.235 E7.74283
G1 E6.94283 F1800
G92 E0
G1 X121.033 Y126.563 Z12.92 F9000
G1 Z12.52
G1 E.8 F1800
;TYPE:Sparse infill
;WIDTH:0.45
G1 F1099.151
G1 X122.592 Y126.563 E.87079
G1 X108.437 Y112.408 E1.77941
G1 X108.437 Y108.437 E1.95962
M73 P57 R12
G1 X126.563 Y126.563 E3.12309
G1 X126.563 Y122.592 E3.3033
G1 X112.408 Y108.437 E4.21192
G1 X113.967 Y108.437 E4.28272
G1 X108.437 Y114.818 F9000
G1 F1099.151
G1 X108.437 Y116.378 E4.35351
G1 X118.622 Y126.563 E5.00728
G1 X114.652 Y126.563 E5.18749
M73 P58 R12
G1 X108.437 Y120.348 E5.58641
G1 X108.437 Y124.318 E5.76661
G1 X110.682 Y126.563 E5.91068
G1 X109.122 Y126.563 E5.98147
G1 X126.563 Y120.182 F9000
G1 F1099.151
G1 X126.563 Y118.622 E6.05227
G1 X116.378 Y108.437 E6.70604
G1 X120.348 Y108.437 E6.88625
G1 X126.563 Y114.652 E7.28517
G1 X126.563 Y110.682 E7.46537
G1 X124.318 Y108.437 E7.60944
G1 X125.878 Y108.437 E7.68023
; stop printing object test_cube.stl id:0 copy 0
;LAYER_CHANGE
;Z:12.8
;HEIGHT:0.28
;_SET_FAN_SPEED_CHANGING_LAYER
; printing object test_cube.stl id:0 copy 0
G1 E6.88023 F1800
G92 E0
G1 X126.282 Y116.059 Z13.2 F9000
G1 X126.855 Y126.855 Z13.2
G1 Z12.8
G1 E.8 F1800
;TYPE:Inner wall
;WIDTH:0.45
G1 F1099.152
G1 X108.145 Y126.855 E1.64925
G1 X108.145 Y108.145 E2.49849
G1 X126.855 Y108.145 E3.34774
G1 X126.855 Y126.815 E4.19517
G1 X127.275 Y127.275 F9000
;TYPE:Outer wall
G1 F1099.152
G1 X107.725 Y127.275 E5.08254
G1 X107.725 Y107.725 E5.96991
G1 X127.275 Y107.725 E6.85728
G1 X127.275 Y127.235 E7.74283
G1 E6.94283 F1800
G92 E0
G1 X119.648 Y126.96 Z13.2 F9000
G1 X108.638 Y126.563 Z13.2
G1 Z12.8
G1 E.8 F1800
;TYPE:Sparse infill
;WIDTH:0.45
G1 F1099.151
G1 X110.198 Y126.563 E.87079
G1 X110.068 Y126.433 E.87911
G1 X109.051 Y124.448 E.98037
G1 X108.567 Y123.964 E1.01142
G1 X108.437 Y123.898 E1.01803
G1 X108.437 Y119.928 E1.19824
G1 X108.567 Y119.994 E1.20485
G1 X109.051 Y120.478 E1.2359
G1 X110.068 Y122.463 E1.33715
G1 X110.552 Y122.946 E1.3682
G1 X112.537 Y123.964 E1.46945
G1 X113.021 Y124.448 E1.5005
G1 X114.039 Y126.433 E1.60176
G1 X114.168 Y126.563 E1.61008
G1 X118.139 Y126.563 E1.79029
G1 X118.009 Y126.433 E1.79861
G1 X116.991 Y124.448 E1.89986
G1 X116.507 Y123.964 E1.93091
G1 X114.522 Y122.946 E2.03217
G1 X114.039 Y122.463 E2.06321
G1 X113.021 Y120.478 E2.16447
G1 X112.537 Y119.994 E2.19552
G1 X110.552 Y118.976 E2.29677
G1 X110.068 Y118.493 E2.32782
G1 X109.051 Y116.507 E2.42907
G1 X108.567 Y116.024 E2.46012
G1 X108.437 Y115.957 E2.46673
G1 X108.437 Y111.987 E2.64694
G1 X108.567 Y112.054 E2.65355
G1 X109.051 Y112.537 E2.6846
G1 X110.068 Y114.522 E2.78586
G1 X110.552 Y115.006 E2.8169
G1 X112.537 Y116.024 E2.91816
G1 X113.021 Y116.507 E2.94921
G1 X114.039 Y118.493 E3.05046
G1 X114.522 Y118.976 E3.08151
G1 X116.507 Y119.994 E3.18276
G1 X116.991 Y120.478 E3.21381
G1 X118.009 Y122.463 E3.31507
G1 X118.493 Y122.946 E3.34611
G1 X120.478 Y123.964 E3.44737
G1 X120.961 Y124.448 E3.47842
G1 X121.979 Y126.433 E3.57967
G1 X122.109 Y126.563 E3.58799
G1 X126.079 Y126.563 E3.7682
G1 X125.949 Y126.433 E3.77652
G1 X124.932 Y124.448 E3.87778
G1 X124.448 Y123.964 E3.90883
G1 X122.463 Y122.946 E4.01008
G1 X121.979 Y122.463 E4.04113
G1 X120.961 Y120.478 E4.14238
G1 X120.478 Y119.994 E4.17343
G1 X118.493 Y118.976 E4.27469
G1 X118.009 Y118.493 E4.30573
G1 X116.991 Y116.507 E4.40699
G1 X116.507 Y116.024 E4.43804
G1 X114.522 Y115.006 E4.53929
G1 X114.039 Y114.522 E4.57034
G1 X113.021 Y112.537 E4.67159
G1 X112.537 Y112.054 E4.70264
G1 X110.552 Y111.036 E4.8039
G1 X110.068 Y110.552 E4.83494
G1 X109.051 Y108.567 E4.9362
G1 X108.921 Y108.437 E4.94452
G1 X112.891 Y108.437 E5.12473
G1 X113.021 Y108.567 E5.13305
G1 X114.039 Y110.552 E5.23431
G1 X114.522 Y111.036 E5.26535
G1 X116.507 Y112.054 E5.36661
G1 X116.991 Y112.537 E5.39766
M73 P59 R12
G1 X118.009 Y114.522 E5.49891
G1 X118.493 Y115.006 E5.52996
G1 X120.478 Y116.024 E5.63121
G1 X120.961 Y116.507 E5.66226
G1 X121.979 Y118.493 E5.76352
G1 X122.463 Y118.976 E5.79456
G1 X124.448 Y119.994 E5.89582
G1 X124.932 Y120.478 E5.92687
G1 X125.949 Y122.463 E6.02812
G1 X126.433 Y122.946 E6.05917
G1 X126.563 Y123.013 E6.06578
G1 X126.563 Y119.043 E6.24599
G1 X126.433 Y118.976 E6.2526
G1 X125.949 Y118.493 E6.28365
G1 X124.932 Y116.507 E6.3849
G1 X124.448 Y116.024 E6.41595
G1 X122.463 Y115.006 E6.51721
G1 X121.979 Y114.522 E6.54825
G1 X120.961 Y112.537 E6.64951
G1 X120.478 Y112.054 E6.68056
G1 X118.493 Y111.036 E6.78181
G1 X118.009 Y110.552 E6.81286
G1 X116.991 Y108.567 E6.91411
G1 X116.861 Y108.437 E6.92244
G1 X120.832 Y108.437 E7.10264
G1 X120.961 Y108.567 E7.11097
G1 X121.979 Y110.552 E7.21222
G1 X122.463 Y111.036 E7.24327
G1 X124.448 Y112.054 E7.34452
G1 X124.932 Y112.537 E7.37557
G1 X125.949 Y114.522 E7.47683
G1 X126.433 Y115.006 E7.50787
G1 X126.563 Y115.072 E7.51449
G1 X126.563 Y111.102 E7.69469
G1 X126.433 Y111.036 E7.70131
G1 X125.949 Y110.552 E7.73235
G1 X124.932 Y108.567 E7.83361
G1 X124.802 Y108.437 E7.84193
G1 X126.362 Y108.437 E7.91272
; stop printing object test_cube.stl id:0 copy 0
M106 S206
;LAYER_CHANGE
;Z:13.08
;HEIGHT:0.28
;_SET_FAN_SPEED_CHANGING_LAYER
; printing object test_cube.stl id:0 copy 0
G1 E7.11272 F1800
G92 E0
G1 X126.566 Y116.067 Z13.48 F9000
G1 X126.855 Y126.855 Z13.48
G1 Z13.08
G1 E.8 F1800
;TYPE:Inner wall
;WIDTH:0.45
G1 F1099.152
G1 X108.145 Y126.855 E1.64925
G1 X108.145 Y108.145 E2.49849
G1 X126.855 Y108.145 E3.34774
G1 X126.855 Y126.815 E4.19517
G1 X127.275 Y127.275 F9000
;TYPE:Outer wall
G1 F1099.152
G1 X107.725 Y127.275 E5.08254
G1 X107.725 Y107.725 E5.96991
G1 X127.275 Y107.725 E6.85728
G1 X127.275 Y127.235 E7.74283
G1 X126.563 Y125.982 F9000
;TYPE:Sparse infill
;WIDTH:0.45
G1 F1099.151
G1 X126.563 Y126.563 E7.7692
G1 X125.584 Y126.563 E7.81362
G1 X125.454 Y126.433 E7.82194
G1 X125.427 Y124.448 E7.91206
G1 X124.448 Y123.469 E7.97487
G1 X122.463 Y123.441 E8.06499
G1 X121.484 Y122.463 E8.12781
G1 X121.456 Y120.478 E8.21792
G1 X120.478 Y119.499 E8.28074
G1 X118.493 Y119.471 E8.37085
G1 X117.514 Y118.493 E8.43367
G1 X117.486 Y116.507 E8.52378
G1 X116.507 Y115.529 E8.5866
G1 X114.522 Y115.501 E8.67671
G1 X113.544 Y114.522 E8.73953
G1 X113.516 Y112.537 E8.82965
G1 X112.537 Y111.559 E8.89247
G1 X110.552 Y111.531 E8.98258
G1 X109.574 Y110.552 E9.0454
G1 X109.546 Y108.567 E9.13551
G1 X109.416 Y108.437 E9.14383
G1 X113.386 Y108.437 E9.32404
G1 X113.516 Y108.567 E9.33236
G1 X113.544 Y110.552 E9.42247
G1 X114.522 Y111.531 E9.48529
G1 X116.507 Y111.559 E9.5754
G1 X117.486 Y112.537 E9.63822
G1 X117.514 Y114.522 E9.72834
G1 X118.493 Y115.501 E9.79116
G1 X120.478 Y115.529 E9.88127
G1 X121.456 Y116.507 E9.94409
G1 X121.484 Y118.493 E10.0342
G1 X122.463 Y119.471 E10.09702
G1 X124.448 Y119.499 E10.18713
G1 X125.427 Y120.478 E10.24995
G1 X125.454 Y122.463 E10.34006
G1 X126.433 Y123.441 E10.40288
G1 X126.563 Y123.443 E10.40877
G1 X126.563 Y119.473 E10.58897
G1 X126.433 Y119.471 E10.59486
G1 X125.454 Y118.493 E10.65768
G1 X125.427 Y116.507 E10.74779
G1 X124.448 Y115.529 E10.81061
G1 X122.463 Y115.501 E10.90072
G1 X121.484 Y114.522 E10.96354
G1 X121.456 Y112.537 E11.05365
G1 X120.478 Y111.559 E11.11647
G1 X118.493 Y111.531 E11.20659
G1 X117.514 Y110.552 E11.26941
G1 X117.486 Y108.567 E11.35952
G1 X117.356 Y108.437 E11.36784
G1 X121.327 Y108.437 E11.54805
G1 X121.456 Y108.567 E11.55637
G1 X121.484 Y110.552 E11.64648
G1 X122.463 Y111.531 E11.7093
G1 X124.448 Y111.559 E11.79941
G1 X125.427 Y112.537 E11.86223
G1 X125.454 Y114.522 E11.95234
G1 X126.433 Y115.501 E12.01516
G1 X126.563 Y115.503 E12.02105
G1 X126.563 Y111.533 E12.20126
G1 X126.433 Y111.531 E12.20714
G1 X125.454 Y110.552 E12.26996
G1 X125.427 Y108.567 E12.36007
G1 X125.297 Y108.437 E12.3684
G1 X126.563 Y108.437 E12.42585
G1 X126.563 Y108.731 E12.43919
G1 X108.437 Y109.997 F9000
G1 F1099.151
G1 X108.437 Y111.557 E12.50998
G1 X108.567 Y111.559 E12.51586
G1 X109.546 Y112.537 E12.57868
G1 X109.574 Y114.522 E12.6688
G1 X110.552 Y115.501 E12.73162
M73 P60 R12
G1 X112.537 Y115.529 E12.82173
G1 X113.516 Y116.507 E12.88455
G1 X113.544 Y118.493 E12.97466
G1 X114.522 Y119.471 E13.03748
G1 X116.507 Y119.499 E13.12759
G1 X117.486 Y120.478 E13.19041
G1 X117.514 Y122.463 E13.28052
G1 X118.493 Y123.441 E13.34334
G1 X120.478 Y123.469 E13.43345
G1 X121.456 Y124.448 E13.49627
G1 X121.484 Y126.433 E13.58639
G1 X121.614 Y126.563 E13.59471
G1 X117.644 Y126.563 E13.77492
G1 X117.514 Y126.433 E13.78324
G1 X117.486 Y124.448 E13.87335
G1 X116.507 Y123.469 E13.93617
G1 X114.522 Y123.441 E14.02628
G1 X113.544 Y122.463 E14.0891
G1 X113.516 Y120.478 E14.17921
G1 X112.537 Y119.499 E14.24203
G1 X110.552 Y119.471 E14.33214
G1 X109.574 Y118.493 E14.39496
G1 X109.546 Y116.507 E14.48508
G1 X108.567 Y115.529 E14.5479
G1 X108.437 Y115.527 E14.55378
G1 X108.437 Y113.967 E14.62457
G1 X108.437 Y126.269 F9000
G1 F1099.151
G1 X108.437 Y126.563 E14.63791
G1 X109.703 Y126.563 E14.69536
G1 X109.574 Y126.433 E14.70369
G1 X109.546 Y124.448 E14.7938
G1 X108.567 Y123.469 E14.85662
G1 X108.437 Y123.467 E14.8625
G1 X108.437 Y119.497 E15.04271
G1 X108.567 Y119.499 E15.0486
G1 X109.546 Y120.478 E15.11142
G1 X109.574 Y122.463 E15.20153
G1 X110.552 Y123.441 E15.26435
G1 X112.537 Y123.469 E15.35446
G1 X113.516 Y124.448 E15.41728
G1 X113.544 Y126.433 E15.50739
G1 X113.673 Y126.563 E15.51571
G1 X112.114 Y126.563 E15.5865
; stop printing object test_cube.stl id:0 copy 0
;LAYER_CHANGE
;Z:13.36
;HEIGHT:0.28
;_SET_FAN_SPEED_CHANGING_LAYER
; printing object test_cube.stl id:0 copy 0
G1 E14.7865 F1800
G92 E0
G1 X119.745 Y126.714 Z13.76 F9000
G1 X126.855 Y126.855 Z13.76
G1 Z13.36
G1 E.8 F1800
;TYPE:Inner wall
;WIDTH:0.45
G1 F1099.152
G1 X108.145 Y126.855 E1.64925
G1 X108.145 Y108.145 E2.49849
G1 X126.855 Y108.145 E3.34774
G1 X126.855 Y126.815 E4.19517
G1 X127.275 Y127.275 F9000
;TYPE:Outer wall
G1 F1099.152
G1 X107.725 Y127.275 E5.08254
G1 X107.725 Y107.725 E5.96991
G1 X127.275 Y107.725 E6.85728
G1 X127.275 Y127.235 E7.74283
G1 E6.94283 F1800
G92 E0
G1 X126.563 Y125.088 Z13.76 F9000
G1 Z13.36
G1 E.8 F1800
;TYPE:Sparse infill
;WIDTH:0.45
G1 F1099.151
G1 X126.563 Y123.528 E.87079
G1 X126.433 Y123.539 E.8767
G1 X125.524 Y124.448 E.93502
G1 X125.356 Y126.433 E1.02544
G1 X125.227 Y126.563 E1.03376
G1 X121.257 Y126.563 E1.21397
G1 X121.386 Y126.433 E1.22229
G1 X121.554 Y124.448 E1.31272
G1 X122.463 Y123.539 E1.37104
G1 X124.448 Y123.371 E1.46146
G1 X125.356 Y122.463 E1.51978
G1 X125.524 Y120.478 E1.61021
G1 X126.433 Y119.569 E1.66852
G1 X126.563 Y119.558 E1.67443
G1 X126.563 Y121.118 E1.74522
G1 X115.727 Y126.563 F9000
G1 F1099.151
G1 X117.286 Y126.563 E1.81601
G1 X117.416 Y126.433 E1.82434
G1 X117.584 Y124.448 E1.91476
G1 X118.493 Y123.539 E1.97308
G1 X120.478 Y123.371 E2.06351
G1 X121.386 Y122.463 E2.12182
G1 X121.554 Y120.478 E2.21225
G1 X122.463 Y119.569 E2.27057
G1 X124.448 Y119.401 E2.36099
G1 X125.356 Y118.493 E2.41931
G1 X125.524 Y116.507 E2.50974
G1 X126.433 Y115.599 E2.56806
G1 X126.563 Y115.588 E2.57396
G1 X126.563 Y111.618 E2.75417
G1 X126.433 Y111.629 E2.76008
G1 X125.524 Y112.537 E2.81839
G1 X125.356 Y114.522 E2.90882
G1 X124.448 Y115.431 E2.96714
G1 X122.463 Y115.599 E3.05756
G1 X121.554 Y116.507 E3.11588
G1 X121.386 Y118.493 E3.20631
G1 X120.478 Y119.401 E3.26463
G1 X118.493 Y119.569 E3.35505
G1 X117.584 Y120.478 E3.41337
G1 X117.416 Y122.463 E3.5038
G1 X116.507 Y123.371 E3.56211
G1 X114.522 Y123.539 E3.65254
G1 X113.614 Y124.448 E3.71086
G1 X113.446 Y126.433 E3.80128
G1 X113.316 Y126.563 E3.80961
G1 X109.346 Y126.563 E3.98981
G1 X109.476 Y126.433 E3.99813
G1 X109.644 Y124.448 E4.08856
G1 X110.552 Y123.539 E4.14688
G1 X112.537 Y123.371 E4.2373
G1 X113.446 Y122.463 E4.29562
G1 X113.614 Y120.478 E4.38605
G1 X114.522 Y119.569 E4.44437
G1 X116.507 Y119.401 E4.53479
G1 X117.416 Y118.493 E4.59311
G1 X117.584 Y116.507 E4.68354
G1 X118.493 Y115.599 E4.74186
G1 X120.478 Y115.431 E4.83228
G1 X121.386 Y114.522 E4.8906
G1 X121.554 Y112.537 E4.98103
G1 X122.463 Y111.629 E5.03934
G1 X124.448 Y111.461 E5.12977
G1 X125.356 Y110.552 E5.18809
G1 X125.524 Y108.567 E5.27851
M73 P60 R11
G1 X125.654 Y108.437 E5.28684
M73 P61 R11
G1 X121.684 Y108.437 E5.46704
G1 X121.554 Y108.567 E5.47536
G1 X121.386 Y110.552 E5.56579
G1 X120.478 Y111.461 E5.62411
G1 X118.493 Y111.629 E5.71453
G1 X117.584 Y112.537 E5.77285
G1 X117.416 Y114.522 E5.86328
G1 X116.507 Y115.431 E5.9216
G1 X114.522 Y115.599 E6.01202
G1 X113.614 Y116.507 E6.07034
G1 X113.446 Y118.493 E6.16077
G1 X112.537 Y119.401 E6.21908
G1 X110.552 Y119.569 E6.30951
G1 X109.644 Y120.478 E6.36783
G1 X109.476 Y122.463 E6.45825
G1 X108.567 Y123.371 E6.51657
G1 X108.437 Y123.382 E6.52248
G1 X108.437 Y119.412 E6.70269
G1 X108.567 Y119.401 E6.70859
G1 X109.476 Y118.493 E6.76691
G1 X109.644 Y116.507 E6.85734
G1 X110.552 Y115.599 E6.91565
G1 X112.537 Y115.431 E7.00608
G1 X113.446 Y114.522 E7.0644
G1 X113.614 Y112.537 E7.15482
G1 X114.522 Y111.629 E7.21314
G1 X116.507 Y111.461 E7.30357
G1 X117.416 Y110.552 E7.36189
G1 X117.584 Y108.567 E7.45231
G1 X117.714 Y108.437 E7.46063
G1 X113.743 Y108.437 E7.64084
G1 X113.614 Y108.567 E7.64916
G1 X113.446 Y110.552 E7.73959
G1 X112.537 Y111.461 E7.79791
G1 X110.552 Y111.629 E7.88833
G1 X109.644 Y112.537 E7.94665
G1 X109.476 Y114.522 E8.03708
G1 X108.567 Y115.431 E8.0954
G1 X108.437 Y115.442 E8.1013
G1 X108.437 Y111.472 E8.28151
G1 X108.567 Y111.461 E8.28741
G1 X109.476 Y110.552 E8.34573
G1 X109.644 Y108.567 E8.43616
G1 X109.773 Y108.437 E8.44448
G1 X108.437 Y108.437 E8.50511
G1 X108.437 Y108.661 E8.51527
; stop printing object test_cube.stl id:0 copy 0
M106 S209
;LAYER_CHANGE
;Z:13.64
;HEIGHT:0.280001
;_SET_FAN_SPEED_CHANGING_LAYER
; printing object test_cube.stl id:0 copy 0
G1 E7.71527 F1800
G92 E0
G1 X113.867 Y114.025 Z14.04 F9000
G1 X126.855 Y126.855 Z14.04
G1 Z13.64
G1 E.8 F1800
;TYPE:Inner wall
;WIDTH:0.45
G1 F1099.152
G1 X108.145 Y126.855 E1.64925
G1 X108.145 Y108.145 E2.49849
G1 X126.855 Y108.145 E3.34774
G1 X126.855 Y126.815 E4.19517
G1 X127.275 Y127.275 F9000
;TYPE:Outer wall
G1 F1099.152
G1 X107.725 Y127.275 E5.08254
G1 X107.725 Y107.725 E5.96991
G1 X127.275 Y107.725 E6.85728
G1 X127.275 Y127.235 E7.74283
G1 X126.563 Y125.518 F9000
;TYPE:Sparse infill
;WIDTH:0.45
G1 F1099.151
G1 X126.563 Y123.959 E7.81362
G1 X126.433 Y124.034 E7.82043
G1 X126.019 Y124.448 E7.84698
G1 X124.861 Y126.433 E7.95129
G1 X124.732 Y126.563 E7.95962
G1 X120.762 Y126.563 E8.13982
G1 X120.891 Y126.433 E8.14814
G1 X122.049 Y124.448 E8.25246
G1 X122.463 Y124.034 E8.279
G1 X124.448 Y122.876 E8.38332
G1 X124.861 Y122.463 E8.40986
G1 X126.019 Y120.478 E8.51418
G1 X126.433 Y120.064 E8.54072
G1 X126.563 Y119.988 E8.54754
G1 X126.563 Y121.548 E8.61833
G1 X115.232 Y126.563 F9000
G1 F1099.151
G1 X116.791 Y126.563 E8.68912
G1 X116.921 Y126.433 E8.69744
G1 X118.079 Y124.448 E8.80176
G1 X118.493 Y124.034 E8.8283
G1 X120.478 Y122.876 E8.93262
G1 X120.891 Y122.463 E8.95916
G1 X122.049 Y120.478 E9.06347
G1 X122.463 Y120.064 E9.09002
G1 X124.448 Y118.906 E9.19433
G1 X124.861 Y118.493 E9.22088
G1 X126.019 Y116.507 E9.32519
G1 X126.433 Y116.094 E9.35174
G1 X126.563 Y116.018 E9.35855
G1 X126.563 Y112.048 E9.53876
G1 X126.433 Y112.124 E9.54557
G1 X126.019 Y112.537 E9.57212
G1 X124.861 Y114.522 E9.67643
G1 X124.448 Y114.936 E9.70298
G1 X122.463 Y116.094 E9.80729
G1 X122.049 Y116.507 E9.83384
G1 X120.891 Y118.493 E9.93815
G1 X120.478 Y118.906 E9.9647
G1 X118.493 Y120.064 E10.06901
G1 X118.079 Y120.478 E10.09556
G1 X116.921 Y122.463 E10.19987
G1 X116.507 Y122.876 E10.22642
G1 X114.522 Y124.034 E10.33073
G1 X114.109 Y124.448 E10.35727
G1 X112.951 Y126.433 E10.46159
G1 X112.821 Y126.563 E10.46991
G1 X108.851 Y126.563 E10.65012
G1 X108.981 Y126.433 E10.65844
G1 X110.139 Y124.448 E10.76275
G1 X110.552 Y124.034 E10.7893
G1 X112.537 Y122.876 E10.89361
G1 X112.951 Y122.463 E10.92016
G1 X114.109 Y120.478 E11.02447
G1 X114.522 Y120.064 E11.05102
G1 X116.507 Y118.906 E11.15533
G1 X116.921 Y118.493 E11.18188
G1 X118.079 Y116.507 E11.28619
G1 X118.493 Y116.094 E11.31274
G1 X120.478 Y114.936 E11.41705
G1 X120.891 Y114.522 E11.4436
G1 X122.049 Y112.537 E11.54791
G1 X122.463 Y112.124 E11.57446
G1 X124.448 Y110.966 E11.67877
G1 X124.861 Y110.552 E11.70532
G1 X126.019 Y108.567 E11.80963
G1 X126.149 Y108.437 E11.81795
G1 X122.179 Y108.437 E11.99816
G1 X122.049 Y108.567 E12.00648
G1 X120.891 Y110.552 E12.1108
G1 X120.478 Y110.966 E12.13734
M73 P62 R11
G1 X118.493 Y112.124 E12.24166
G1 X118.079 Y112.537 E12.2682
G1 X116.921 Y114.522 E12.37252
G1 X116.507 Y114.936 E12.39906
G1 X114.522 Y116.094 E12.50337
G1 X114.109 Y116.507 E12.52992
G1 X112.951 Y118.493 E12.63423
G1 X112.537 Y118.906 E12.66078
G1 X110.552 Y120.064 E12.76509
G1 X110.139 Y120.478 E12.79164
G1 X108.981 Y122.463 E12.89595
G1 X108.567 Y122.876 E12.9225
G1 X108.437 Y122.952 E12.92931
G1 X108.437 Y118.982 E13.10952
G1 X108.567 Y118.906 E13.11633
G1 X108.981 Y118.493 E13.14288
G1 X110.139 Y116.507 E13.24719
G1 X110.552 Y116.094 E13.27374
G1 X112.537 Y114.936 E13.37805
G1 X112.951 Y114.522 E13.4046
G1 X114.109 Y112.537 E13.50891
G1 X114.522 Y112.124 E13.53546
G1 X116.507 Y110.966 E13.63977
G1 X116.921 Y110.552 E13.66632
G1 X118.079 Y108.567 E13.77063
G1 X118.209 Y108.437 E13.77895
G1 X114.238 Y108.437 E13.95916
G1 X114.109 Y108.567 E13.96748
G1 X112.951 Y110.552 E14.07179
G1 X112.537 Y110.966 E14.09834
G1 X110.552 Y112.124 E14.20265
G1 X110.139 Y112.537 E14.2292
G1 X108.981 Y114.522 E14.33351
G1 X108.567 Y114.936 E14.36006
G1 X108.437 Y115.012 E14.36687
G1 X108.437 Y111.041 E14.54708
G1 X108.567 Y110.966 E14.55389
G1 X108.981 Y110.552 E14.58044
G1 X110.139 Y108.567 E14.68475
G1 X110.268 Y108.437 E14.69307
G1 X108.709 Y108.437 E14.76386
; stop printing object test_cube.stl id:0 copy 0
;LAYER_CHANGE
;Z:13.92
;HEIGHT:0.28
;_SET_FAN_SPEED_CHANGING_LAYER
; printing object test_cube.stl id:0 copy 0
G1 E13.96386 F1800
G92 E0
G1 X114.065 Y113.874 Z14.32 F9000
G1 X126.855 Y126.855 Z14.32
G1 Z13.92
G1 E.8 F1800
;TYPE:Inner wall
;WIDTH:0.45
G1 F1099.152
G1 X108.145 Y126.855 E1.64925
G1 X108.145 Y108.145 E2.49849
G1 X126.855 Y108.145 E3.34774
G1 X126.855 Y126.815 E4.19517
G1 X127.275 Y127.275 F9000
;TYPE:Outer wall
G1 F1099.152
G1 X107.725 Y127.275 E5.08254
G1 X107.725 Y107.725 E5.96991
G1 X127.275 Y107.725 E6.85728
G1 X127.275 Y127.235 E7.74283
G1 X125.878 Y126.563 F9000
;TYPE:Sparse infill
;WIDTH:0.45
G1 F1099.151
G1 X124.318 Y126.563 E7.81362
G1 X126.563 Y124.318 E7.95769
G1 X126.563 Y120.348 E8.1379
G1 X120.348 Y126.563 E8.53682
G1 X116.378 Y126.563 E8.71702
G1 X126.563 Y116.378 E9.3708
G1 X126.563 Y112.408 E9.551
G1 X112.408 Y126.563 E10.45963
G1 X110.848 Y126.563 E10.53042
G1 X108.437 Y117.063 F9000
G1 F1099.151
G1 X108.437 Y118.622 E10.60121
G1 X118.622 Y108.437 E11.25498
G1 X114.652 Y108.437 E11.43519
G1 X108.437 Y114.652 E11.83411
G1 X108.437 Y110.682 E12.01431
G1 X110.682 Y108.437 E12.15838
G1 X109.122 Y108.437 E12.22918
G1 X124.152 Y108.437 F9000
G1 F1099.151
G1 X122.592 Y108.437 E12.29997
G1 X108.437 Y122.592 E13.20859
G1 X108.437 Y126.563 E13.3888
M73 P63 R11
G1 X126.563 Y108.437 E14.55227
G1 X126.563 Y109.997 E14.62306
; stop printing object test_cube.stl id:0 copy 0
;LAYER_CHANGE
;Z:14.2
;HEIGHT:0.28
;_SET_FAN_SPEED_CHANGING_LAYER
; printing object test_cube.stl id:0 copy 0
G1 E13.82306 F1800
G92 E0
G1 X126.695 Y117.628 Z14.6 F9000
G1 X126.855 Y126.855 Z14.6
G1 Z14.2
G1 E.8 F1800
;TYPE:Inner wall
;WIDTH:0.45
G1 F1099.152
G1 X108.145 Y126.855 E1.64925
G1 X108.145 Y108.145 E2.49849
G1 X126.855 Y108.145 E3.34774
G1 X126.855 Y126.815 E4.19517
G1 X127.275 Y127.275 F9000
;TYPE:Outer wall
G1 F1099.152
G1 X107.725 Y127.275 E5.08254
G1 X107.725 Y107.725 E5.96991
G1 X127.275 Y107.725 E6.85728
G1 X127.275 Y127.235 E7.74283
G1 X125.878 Y126.563 F9000
;TYPE:Sparse infill
;WIDTH:0.45
G1 F1099.151
G1 X124.318 Y126.563 E7.81362
G1 X126.563 Y124.318 E7.95769
G1 X126.563 Y120.348 E8.1379
G1 X120.348 Y126.563 E8.53682
G1 X116.378 Y126.563 E8.71702
G1 X126.563 Y116.378 E9.3708
G1 X126.563 Y112.408 E9.551
G1 X112.408 Y126.563 E10.45963
G1 X110.848 Y126.563 E10.53042
G1 X108.437 Y117.063 F9000
G1 F1099.151
G1 X108.437 Y118.622 E10.60121
G1 X118.622 Y108.437 E11.25498
G1 X114.652 Y108.437 E11.43519
G1 X108.437 Y114.652 E11.83411
G1 X108.437 Y110.682 E12.01431
G1 X110.682 Y108.437 E12.15838
G1 X109.122 Y108.437 E12.22918
G1 X124.152 Y108.437 F9000
G1 F1099.151
G1 X122.592 Y108.437 E12.29997
G1 X108.437 Y122.592 E13.20859
G1 X108.437 Y126.563 E13.3888
M73 P64 R11
G1 X126.563 Y108.437 E14.55227
G1 X126.563 Y109.997 E14.62306
; stop printing object test_cube.stl id:0 copy 0
;LAYER_CHANGE
;Z:14.48
;HEIGHT:0.28
;_SET_FAN_SPEED_CHANGING_LAYER
; printing object test_cube.stl id:0 copy 0
G1 E13.82306 F1800
G92 E0
G1 X126.695 Y117.628 Z14.88 F9000
G1 X126.855 Y126.855 Z14.88
G1 Z14.48
G1 E.8 F1800
;TYPE:Inner wall
;WIDTH:0.45
G1 F1099.152
G1 X108.145 Y126.855 E1.64925
G1 X108.145 Y108.145 E2.49849
G1 X126.855 Y108.145 E3.34774
G1 X126.855 Y126.815 E4.19517
M73 P64 R10
G1 X127.275 Y127.275 F9000
;TYPE:Outer wall
G1 F1099.152
G1 X107.725 Y127.275 E5.08254
G1 X107.725 Y107.725 E5.96991
G1 X127.275 Y107.725 E6.85728
G1 X127.275 Y127.235 E7.74283
G1 X125.878 Y126.563 F9000
;TYPE:Sparse infill
;WIDTH:0.45
G1 F1099.151
G1 X124.318 Y126.563 E7.81362
G1 X126.563 Y124.318 E7.95769
G1 X126.563 Y120.348 E8.1379
G1 X120.348 Y126.563 E8.53682
G1 X116.378 Y126.563 E8.71702
G1 X126.563 Y116.378 E9.3708
G1 X126.563 Y112.408 E9.551
G1 X112.408 Y126.563 E10.45963
G1 X110.848 Y126.563 E10.53042
G1 X108.437 Y117.063 F9000
G1 F1099.151
G1 X108.437 Y118.622 E10.60121
G1 X118.622 Y108.437 E11.25498
G1 X114.652 Y108.437 E11.43519
G1 X108.437 Y114.652 E11.83411
G1 X108.437 Y110.682 E12.01431
G1 X110.682 Y108.437 E12.15838
G1 X109.122 Y108.437 E12.22918
G1 X124.152 Y108.437 F9000
G1 F1099.151
G1 X122.592 Y108.437 E12.29997
G1 X108.437 Y122.592 E13.20859
G1 X108.437 Y126.563 E13.3888
G1 X126.563 Y108.437 E14.55227
G1 X126.563 Y109.997 E14.62306
M73 P65 R10
; stop printing object test_cube.stl id:0 copy 0
;LAYER_CHANGE
;Z:14.76
;HEIGHT:0.280001
;_SET_FAN_SPEED_CHANGING_LAYER
; printing object test_cube.stl id:0 copy 0
G1 E13.82306 F1800
G92 E0
G1 X126.695 Y117.628 Z15.16 F9000
G1 X126.855 Y126.855 Z15.16
G1 Z14.76
G1 E.8 F1800
;TYPE:Inner wall
;WIDTH:0.45
G1 F1099.152
G1 X108.145 Y126.855 E1.64925
G1 X108.145 Y108.145 E2.49849
G1 X126.855 Y108.145 E3.34774
G1 X126.855 Y126.815 E4.19517
G1 X127.275 Y127.275 F9000
;TYPE:Outer wall
G1 F1099.152
G1 X107.725 Y127.275 E5.08254
G1 X107.725 Y107.725 E5.96991
G1 X127.275 Y107.725 E6.85728
G1 X127.275 Y127.235 E7.74283
G1 X125.878 Y126.563 F9000
;TYPE:Sparse infill
;WIDTH:0.45
G1 F1099.151
G1 X124.318 Y126.563 E7.81362
G1 X126.563 Y124.318 E7.95769
G1 X126.563 Y120.348 E8.1379
G1 X120.348 Y126.563 E8.53682
G1 X116.378 Y126.563 E8.71702
G1 X126.563 Y116.378 E9.3708
G1 X126.563 Y112.408 E9.551
G1 X112.408 Y126.563 E10.45963
G1 X110.848 Y126.563 E10.53042
G1 X108.437 Y117.063 F9000
G1 F1099.151
G1 X108.437 Y118.622 E10.60121
G1 X118.622 Y108.437 E11.25498
G1 X114.652 Y108.437 E11.43519
G1 X108.437 Y114.652 E11.83411
G1 X108.437 Y110.682 E12.01431
G1 X110.682 Y108.437 E12.15838
G1 X109.122 Y108.437 E12.22918
G1 X124.152 Y108.437 F9000
G1 F1099.151
G1 X122.592 Y108.437 E12.29997
G1 X108.437 Y122.592 E13.20859
G1 X108.437 Y126.563 E13.3888
G1 X126.563 Y108.437 E14.55227
G1 X126.563 Y109.997 E14.62306
M73 P66 R10
; stop printing object test_cube.stl id:0 copy 0
;LAYER_CHANGE
;Z:15.04
;HEIGHT:0.28
;_SET_FAN_SPEED_CHANGING_LAYER
; printing object test_cube.stl id:0 copy 0
G1 E13.82306 F1800
G92 E0
G1 X126.695 Y117.628 Z15.44 F9000
G1 X126.855 Y126.855 Z15.44
G1 Z15.04
G1 E.8 F1800
;TYPE:Inner wall
;WIDTH:0.45
G1 F1099.152
G1 X108.145 Y126.855 E1.64925
G1 X108.145 Y108.145 E2.49849
G1 X126.855 Y108.145 E3.34774
G1 X126.855 Y126.815 E4.19517
G1 X127.275 Y127.275 F9000
;TYPE:Outer wall
G1 F1099.152
G1 X107.725 Y127.275 E5.08254
G1 X107.725 Y107.725 E5.96991
G1 X127.275 Y107.725 E6.85728
G1 X127.275 Y127.235 E7.74283
G1 X125.878 Y126.563 F9000
;TYPE:Sparse infill
;WIDTH:0.45
G1 F1099.151
G1 X124.318 Y126.563 E7.81362
G1 X126.563 Y124.318 E7.95769
G1 X126.563 Y120.348 E8.1379
G1 X120.348 Y126.563 E8.53682
G1 X116.378 Y126.563 E8.71702
G1 X126.563 Y116.378 E9.3708
G1 X126.563 Y112.408 E9.551
G1 X112.408 Y126.563 E10.45963
G1 X110.848 Y126.563 E10.53042
G1 X108.437 Y117.063 F9000
G1 F1099.151
G1 X108.437 Y118.622 E10.60121
G1 X118.622 Y108.437 E11.25498
G1 X114.652 Y108.437 E11.43519
G1 X108.437 Y114.652 E11.83411
G1 X108.437 Y110.682 E12.01431
G1 X110.682 Y108.437 E12.15838
G1 X109.122 Y108.437 E12.22918
G1 X124.152 Y108.437 F9000
G1 F1099.151
G1 X122.592 Y108.437 E12.29997
G1 X108.437 Y122.592 E13.20859
G1 X108.437 Y126.563 E13.3888
G1 X126.563 Y108.437 E14.55227
G1 X126.563 Y109.997 E14.62306
; stop printing object test_cube.stl id:0 copy 0
;LAYER_CHANGE
;Z:15.32
;HEIGHT:0.28
;_SET_FAN_SPEED_CHANGING_LAYER
; printing object test_cube.stl id:0 copy 0
G1 E13.82306 F1800
G92 E0
G1 X126.695 Y117.628 Z15.72 F9000
G1 X126.855 Y126.855 Z15.72
G1 Z15.32
G1 E.8 F1800
M73 P67 R10
;TYPE:Inner wall
;WIDTH:0.45
G1 F1099.152
G1 X108.145 Y126.855 E1.64925
G1 X108.145 Y108.145 E2.49849
G1 X126.855 Y108.145 E3.34774
G1 X126.855 Y126.815 E4.19517
G1 X127.275 Y127.275 F9000
;TYPE:Outer wall
G1 F1099.152
G1 X107.725 Y127.275 E5.08254
G1 X107.725 Y107.725 E5.96991
G1 X127.275 Y107.725 E6.85728
G1 X127.275 Y127.235 E7.74283
G1 X126.213 Y126.563 F9000
;TYPE:Sparse infill
;WIDTH:0.45
G1 F1099.151
G1 X124.653 Y126.563 E7.81362
G1 X124.783 Y126.433 E7.82194
G1 X126.098 Y124.448 E7.93003
G1 X126.433 Y124.113 E7.95153
G1 X126.563 Y124.027 E7.95859
G1 X126.563 Y120.057 E8.13879
G1 X126.433 Y120.143 E8.14585
G1 X126.098 Y120.478 E8.16734
G1 X124.783 Y122.463 E8.27544
G1 X124.448 Y122.798 E8.29693
G1 X122.463 Y124.113 E8.40502
G1 X122.128 Y124.448 E8.42651
M73 P67 R9
G1 X120.812 Y126.433 E8.5346
G1 X120.683 Y126.563 E8.54293
G1 X116.713 Y126.563 E8.72313
G1 X116.842 Y126.433 E8.73145
G1 X118.158 Y124.448 E8.83955
G1 X118.493 Y124.113 E8.86104
G1 X120.478 Y122.798 E8.96913
G1 X120.812 Y122.463 E8.99062
G1 X122.128 Y120.478 E9.09871
G1 X122.463 Y120.143 E9.1202
G1 X124.448 Y118.827 E9.2283
G1 X124.783 Y118.493 E9.24979
G1 X126.098 Y116.507 E9.35788
G1 X126.433 Y116.173 E9.37937
G1 X126.563 Y116.087 E9.38643
G1 X126.563 Y112.117 E9.56664
G1 X126.433 Y112.202 E9.5737
G1 X126.098 Y112.537 E9.59519
G1 X124.783 Y114.522 E9.70328
G1 X124.448 Y114.857 E9.72477
G1 X122.463 Y116.173 E9.83286
G1 X122.128 Y116.507 E9.85436
G1 X120.812 Y118.493 E9.96245
G1 X120.478 Y118.827 E9.98394
G1 X118.493 Y120.143 E10.09203
G1 X118.158 Y120.478 E10.11352
G1 X116.842 Y122.463 E10.22162
G1 X116.507 Y122.798 E10.24311
G1 X114.522 Y124.113 E10.3512
G1 X114.188 Y124.448 E10.37269
G1 X112.872 Y126.433 E10.48078
G1 X112.742 Y126.563 E10.48911
G1 X108.772 Y126.563 E10.66931
G1 X108.902 Y126.433 E10.67763
G1 X110.217 Y124.448 E10.78573
G1 X110.552 Y124.113 E10.80722
G1 X112.537 Y122.798 E10.91531
G1 X112.872 Y122.463 E10.9368
G1 X114.188 Y120.478 E11.04489
G1 X114.522 Y120.143 E11.06638
G1 X116.507 Y118.827 E11.17448
G1 X116.842 Y118.493 E11.19597
G1 X118.158 Y116.507 E11.30406
G1 X118.493 Y116.173 E11.32555
G1 X120.478 Y114.857 E11.43364
G1 X120.812 Y114.522 E11.45514
G1 X122.128 Y112.537 E11.56323
G1 X122.463 Y112.202 E11.58472
G1 X124.448 Y110.887 E11.69281
G1 X124.783 Y110.552 E11.7143
G1 X126.098 Y108.567 E11.8224
G1 X126.228 Y108.437 E11.83072
G1 X122.258 Y108.437 E12.01092
G1 X122.128 Y108.567 E12.01925
G1 X120.812 Y110.552 E12.12734
G1 X120.478 Y110.887 E12.14883
G1 X118.493 Y112.202 E12.25692
G1 X118.158 Y112.537 E12.27841
G1 X116.842 Y114.522 E12.3865
G1 X116.507 Y114.857 E12.408
G1 X114.522 Y116.173 E12.51609
G1 X114.188 Y116.507 E12.53758
G1 X112.872 Y118.493 E12.64567
G1 X112.537 Y118.827 E12.66716
G1 X110.552 Y120.143 E12.77526
G1 X110.217 Y120.478 E12.79675
G1 X108.902 Y122.463 E12.90484
G1 X108.567 Y122.798 E12.92633
G1 X108.437 Y122.883 E12.93339
G1 X108.437 Y118.913 E13.1136
G1 X108.567 Y118.827 E13.12066
G1 X108.902 Y118.493 E13.14215
G1 X110.217 Y116.507 E13.25024
G1 X110.552 Y116.173 E13.27173
G1 X112.537 Y114.857 E13.37982
G1 X112.872 Y114.522 E13.40132
G1 X114.188 Y112.537 E13.50941
G1 X114.522 Y112.202 E13.5309
G1 X116.507 Y110.887 E13.63899
G1 X116.842 Y110.552 E13.66048
G1 X118.158 Y108.567 E13.76858
G1 X118.287 Y108.437 E13.7769
G1 X114.317 Y108.437 E13.9571
G1 X114.188 Y108.567 E13.96543
G1 X112.872 Y110.552 E14.07352
G1 X112.537 Y110.887 E14.09501
G1 X110.552 Y112.202 E14.2031
G1 X110.217 Y112.537 E14.22459
G1 X108.902 Y114.522 E14.33268
G1 X108.567 Y114.857 E14.35418
G1 X108.437 Y114.943 E14.36124
G1 X108.437 Y110.973 E14.54144
G1 X108.567 Y110.887 E14.5485
G1 X108.902 Y110.552 E14.56999
G1 X110.217 Y108.567 E14.67809
G1 X110.347 Y108.437 E14.68641
G1 X108.787 Y108.437 E14.7572
; stop printing object test_cube.stl id:0 copy 0
M106 S206
;LAYER_CHANGE
;Z:15.6
;HEIGHT:0.280001
;_SET_FAN_SPEED_CHANGING_LAYER
; printing object test_cube.stl id:0 copy 0
G1 E13.9572 F1800
G92 E0
G1 X114.132 Y113.886 Z16 F9000
G1 X126.855 Y126.855 Z16
G1 Z15.6
G1 E.8 F1800
;TYPE:Inner wall
;WIDTH:0.45
G1 F1099.152
G1 X108.145 Y126.855 E1.64925
G1 X108.145 Y108.145 E2.49849
M73 P68 R9
G1 X126.855 Y108.145 E3.34774
G1 X126.855 Y126.815 E4.19517
G1 X127.275 Y127.275 F9000
;TYPE:Outer wall
G1 F1099.152
G1 X107.725 Y127.275 E5.08254
G1 X107.725 Y107.725 E5.96991
G1 X127.275 Y107.725 E6.85728
G1 X127.275 Y127.235 E7.74283
G1 X126.563 Y126.418 F9000
;TYPE:Sparse infill
;WIDTH:0.45
G1 F1099.151
G1 X126.563 Y126.563 E7.74941
G1 X125.148 Y126.563 E7.81362
G1 X125.278 Y126.433 E7.82194
G1 X125.603 Y124.448 E7.91325
G1 X126.433 Y123.618 E7.96651
G1 X126.563 Y123.597 E7.97248
G1 X126.563 Y119.627 E8.15268
G1 X126.433 Y119.648 E8.15865
G1 X125.603 Y120.478 E8.21191
G1 X125.278 Y122.463 E8.30322
G1 X124.448 Y123.293 E8.35648
G1 X122.463 Y123.618 E8.44779
G1 X121.633 Y124.448 E8.50106
G1 X121.307 Y126.433 E8.59236
G1 X121.178 Y126.563 E8.60068
G1 X117.208 Y126.563 E8.78089
G1 X117.337 Y126.433 E8.78921
G1 X117.663 Y124.448 E8.88052
G1 X118.493 Y123.618 E8.93378
G1 X120.478 Y123.293 E9.02509
G1 X121.307 Y122.463 E9.07836
G1 X121.633 Y120.478 E9.16966
G1 X122.463 Y119.648 E9.22293
G1 X124.448 Y119.322 E9.31424
G1 X125.278 Y118.493 E9.3675
G1 X125.603 Y116.507 E9.45881
G1 X126.433 Y115.678 E9.51207
G1 X126.563 Y115.656 E9.51803
G1 X126.563 Y111.686 E9.69824
G1 X126.433 Y111.707 E9.7042
G1 X125.603 Y112.537 E9.75747
G1 X125.278 Y114.522 E9.84878
G1 X124.448 Y115.352 E9.90204
G1 X122.463 Y115.678 E9.99335
G1 X121.633 Y116.507 E10.04661
G1 X121.307 Y118.493 E10.13792
G1 X120.478 Y119.322 E10.19118
G1 X118.493 Y119.648 E10.28249
G1 X117.663 Y120.478 E10.33576
G1 X117.337 Y122.463 E10.42706
G1 X116.507 Y123.293 E10.48033
G1 X114.522 Y123.618 E10.57163
G1 X113.693 Y124.448 E10.6249
G1 X113.367 Y126.433 E10.71621
G1 X113.237 Y126.563 E10.72453
G1 X109.267 Y126.563 E10.90473
G1 X109.397 Y126.433 E10.91306
G1 X109.722 Y124.448 E11.00436
G1 X110.552 Y123.618 E11.05763
G1 X112.537 Y123.293 E11.14894
G1 X113.367 Y122.463 E11.2022
G1 X113.693 Y120.478 E11.29351
G1 X114.522 Y119.648 E11.34677
G1 X116.507 Y119.322 E11.43808
G1 X117.337 Y118.493 E11.49134
G1 X117.663 Y116.507 E11.58265
G1 X118.493 Y115.678 E11.63591
G1 X120.478 Y115.352 E11.72722
G1 X121.307 Y114.522 E11.78049
G1 X121.633 Y112.537 E11.87179
G1 X122.463 Y111.707 E11.92506
G1 X124.448 Y111.382 E12.01637
G1 X125.278 Y110.552 E12.06963
G1 X125.603 Y108.567 E12.16094
G1 X125.733 Y108.437 E12.16926
G1 X121.763 Y108.437 E12.34947
G1 X121.633 Y108.567 E12.35779
G1 X121.307 Y110.552 E12.44909
G1 X120.478 Y111.382 E12.50236
G1 X118.493 Y111.707 E12.59367
G1 X117.663 Y112.537 E12.64693
G1 X117.337 Y114.522 E12.73824
G1 X116.507 Y115.352 E12.7915
G1 X114.522 Y115.678 E12.88281
G1 X113.693 Y116.507 E12.93607
G1 X113.367 Y118.493 E13.02738
G1 X112.537 Y119.322 E13.08065
G1 X110.552 Y119.648 E13.17195
G1 X109.722 Y120.478 E13.22522
G1 X109.397 Y122.463 E13.31652
G1 X108.567 Y123.293 E13.36979
G1 X108.437 Y123.314 E13.37575
G1 X108.437 Y119.344 E13.55596
G1 X108.567 Y119.322 E13.56192
G1 X109.397 Y118.493 E13.61519
G1 X109.722 Y116.507 E13.70649
G1 X110.552 Y115.678 E13.75976
G1 X112.537 Y115.352 E13.85107
G1 X113.367 Y114.522 E13.90433
G1 X113.693 Y112.537 E13.99564
G1 X114.522 Y111.707 E14.0489
G1 X116.507 Y111.382 E14.14021
G1 X117.337 Y110.552 E14.19347
G1 X117.663 Y108.567 E14.28478
G1 X117.792 Y108.437 E14.2931
G1 X113.822 Y108.437 E14.47331
G1 X113.693 Y108.567 E14.48163
G1 X113.367 Y110.552 E14.57294
G1 X112.537 Y111.382 E14.6262
G1 X110.552 Y111.707 E14.71751
G1 X109.722 Y112.537 E14.77077
G1 X109.397 Y114.522 E14.86208
G1 X108.567 Y115.352 E14.91535
G1 X108.437 Y115.373 E14.92131
G1 X108.437 Y111.403 E15.10152
G1 X108.567 Y111.382 E15.10748
G1 X109.397 Y110.552 E15.16074
G1 X109.722 Y108.567 E15.25205
G1 X109.852 Y108.437 E15.26037
G1 X108.437 Y108.437 E15.32458
G1 X108.437 Y108.582 E15.33116
; stop printing object test_cube.stl id:0 copy 0
M106 S204
;LAYER_CHANGE
;Z:15.88
;HEIGHT:0.28
;_SET_FAN_SPEED_CHANGING_LAYER
; printing object test_cube.stl id:0 copy 0
G1 E14.53116 F1800
G92 E0
G1 X113.856 Y113.958 Z16.28 F9000
G1 X126.855 Y126.855 Z16.28
G1 Z15.88
G1 E.8 F1800
;TYPE:Inner wall
;WIDTH:0.45
G1 F1099.152
G1 X108.145 Y126.855 E1.64925
G1 X108.145 Y108.145 E2.49849
G1 X126.855 Y108.145 E3.34774
M73 P69 R9
G1 X126.855 Y126.815 E4.19517
G1 X127.275 Y127.275 F9000
;TYPE:Outer wall
G1 F1099.152
G1 X107.725 Y127.275 E5.08254
G1 X107.725 Y107.725 E5.96991
G1 X127.275 Y107.725 E6.85728
G1 X127.275 Y127.235 E7.74283
G1 E6.94283 F1800
G92 E0
G1 X126.98 Y119.608 Z16.28 F9000
G1 X126.563 Y108.81 Z16.28
G1 Z15.88
G1 E.8 F1800
;TYPE:Sparse infill
;WIDTH:0.45
G1 F1099.151
G1 X126.563 Y108.437 E.81691
G1 X125.376 Y108.437 E.87079
G1 X125.505 Y108.567 E.87911
G1 X125.376 Y110.552 E.96941
G1 X126.433 Y111.609 E1.03728
G1 X126.563 Y111.601 E1.04318
G1 X126.563 Y115.571 E1.22339
G1 X126.433 Y115.58 E1.22928
G1 X125.376 Y114.522 E1.29716
G1 X125.505 Y112.537 E1.38745
G1 X124.448 Y111.48 E1.45532
G1 X122.463 Y111.609 E1.54562
G1 X121.405 Y110.552 E1.61349
G1 X121.535 Y108.567 E1.70379
G1 X121.405 Y108.437 E1.71211
G1 X117.435 Y108.437 E1.89232
G1 X117.565 Y108.567 E1.90064
G1 X117.435 Y110.552 E1.99093
G1 X118.493 Y111.609 E2.05881
G1 X120.478 Y111.48 E2.1491
G1 X121.535 Y112.537 E2.21698
G1 X121.405 Y114.522 E2.30727
G1 X122.463 Y115.58 E2.37514
G1 X124.448 Y115.45 E2.46544
G1 X125.505 Y116.507 E2.53331
G1 X125.376 Y118.493 E2.62361
G1 X126.433 Y119.55 E2.69148
G1 X126.563 Y119.541 E2.69738
G1 X126.563 Y123.512 E2.87758
G1 X126.433 Y123.52 E2.88348
G1 X125.376 Y122.463 E2.95135
G1 X125.505 Y120.478 E3.04165
G1 X124.448 Y119.42 E3.10952
G1 X122.463 Y119.55 E3.19982
G1 X121.405 Y118.493 E3.26769
G1 X121.535 Y116.507 E3.35799
G1 X120.478 Y115.45 E3.42586
G1 X118.493 Y115.58 E3.51615
G1 X117.435 Y114.522 E3.58403
G1 X117.565 Y112.537 E3.67432
G1 X116.507 Y111.48 E3.7422
G1 X114.522 Y111.609 E3.83249
G1 X113.465 Y110.552 E3.90036
G1 X113.595 Y108.567 E3.99066
G1 X113.465 Y108.437 E3.99898
G1 X109.495 Y108.437 E4.17919
G1 X109.624 Y108.567 E4.18751
G1 X109.495 Y110.552 E4.27781
G1 X110.552 Y111.609 E4.34568
G1 X112.537 Y111.48 E4.43597
G1 X113.595 Y112.537 E4.50385
G1 X113.465 Y114.522 E4.59414
G1 X114.522 Y115.58 E4.66202
G1 X116.507 Y115.45 E4.75231
G1 X117.565 Y116.507 E4.82018
G1 X117.435 Y118.493 E4.91048
G1 X118.493 Y119.55 E4.97835
G1 X120.478 Y119.42 E5.06865
G1 X121.535 Y120.478 E5.13652
G1 X121.405 Y122.463 E5.22682
G1 X122.463 Y123.52 E5.29469
G1 X124.448 Y123.391 E5.38498
G1 X125.505 Y124.448 E5.45286
G1 X125.376 Y126.433 E5.54315
G1 X125.505 Y126.563 E5.55147
G1 X121.535 Y126.563 E5.73168
G1 X121.405 Y126.433 E5.74
G1 X121.535 Y124.448 E5.8303
G1 X120.478 Y123.391 E5.89817
G1 X118.493 Y123.52 E5.98847
G1 X117.435 Y122.463 E6.05634
G1 X117.565 Y120.478 E6.14664
G1 X116.507 Y119.42 E6.21451
G1 X114.522 Y119.55 E6.3048
G1 X113.465 Y118.493 E6.37268
G1 X113.595 Y116.507 E6.46297
G1 X112.537 Y115.45 E6.53085
G1 X110.552 Y115.58 E6.62114
G1 X109.495 Y114.522 E6.68901
G1 X109.624 Y112.537 E6.77931
G1 X108.567 Y111.48 E6.84718
G1 X108.437 Y111.488 E6.85308
G1 X108.437 Y115.459 E7.03329
G1 X108.567 Y115.45 E7.03918
G1 X109.624 Y116.507 E7.10706
G1 X109.495 Y118.493 E7.19735
G1 X110.552 Y119.55 E7.26522
G1 X112.537 Y119.42 E7.35552
G1 X113.595 Y120.478 E7.42339
G1 X113.465 Y122.463 E7.51369
G1 X114.522 Y123.52 E7.58156
G1 X116.507 Y123.391 E7.67186
G1 X117.565 Y124.448 E7.73973
G1 X117.435 Y126.433 E7.83002
G1 X117.565 Y126.563 E7.83835
G1 X113.595 Y126.563 E8.01855
G1 X113.465 Y126.433 E8.02688
G1 X113.595 Y124.448 E8.11717
G1 X112.537 Y123.391 E8.18504
G1 X110.552 Y123.52 E8.27534
G1 X109.495 Y122.463 E8.34321
G1 X109.624 Y120.478 E8.43351
G1 X108.567 Y119.42 E8.50138
G1 X108.437 Y119.429 E8.50728
G1 X108.437 Y123.399 E8.68748
G1 X108.567 Y123.391 E8.69338
G1 X109.624 Y124.448 E8.76125
G1 X109.495 Y126.433 E8.85155
G1 X109.624 Y126.563 E8.85987
G1 X108.437 Y126.563 E8.91375
G1 X108.437 Y126.19 E8.93066
; stop printing object test_cube.stl id:0 copy 0
M106 S209
;LAYER_CHANGE
;Z:16.16
;HEIGHT:0.28
;_SET_FAN_SPEED_CHANGING_LAYER
; printing object test_cube.stl id:0 copy 0
G1 E8.13066 F1800
G92 E0
G1 X116.065 Y126.465 Z16.56 F9000
G1 X126.855 Y126.855 Z16.56
G1 Z16.16
G1 E.8 F1800
;TYPE:Inner wall
;WIDTH:0.45
G1 F1099.152
G1 X108.145 Y126.855 E1.64925
G1 X108.145 Y108.145 E2.49849
M73 P70 R9
G1 X126.855 Y108.145 E3.34774
G1 X126.855 Y126.815 E4.19517
G1 X127.275 Y127.275 F9000
;TYPE:Outer wall
G1 F1099.152
G1 X107.725 Y127.275 E5.08254
G1 X107.725 Y107.725 E5.96991
G1 X127.275 Y107.725 E6.85728
G1 X127.275 Y127.235 E7.74283
G1 X126.563 Y125.565 F9000
;TYPE:Sparse infill
;WIDTH:0.45
G1 F1099.151
G1 X126.563 Y126.563 E7.78809
G1 X126 Y126.563 E7.81362
G1 X125.871 Y126.433 E7.82194
G1 X125.01 Y124.448 E7.92014
G1 X124.448 Y123.885 E7.95624
G1 X122.463 Y123.025 E8.05445
G1 X121.9 Y122.463 E8.09055
G1 X121.04 Y120.478 E8.18875
G1 X120.478 Y119.915 E8.22485
G1 X118.493 Y119.055 E8.32305
G1 X117.93 Y118.493 E8.35915
G1 X117.07 Y116.507 E8.45735
G1 X116.507 Y115.945 E8.49345
G1 X114.522 Y115.085 E8.59165
G1 X113.96 Y114.522 E8.62775
G1 X113.1 Y112.537 E8.72595
G1 X112.537 Y111.975 E8.76205
G1 X110.552 Y111.115 E8.86026
G1 X109.99 Y110.552 E8.89636
G1 X109.129 Y108.567 E8.99456
G1 X109 Y108.437 E9.00288
G1 X112.97 Y108.437 E9.18309
G1 X113.1 Y108.567 E9.19141
G1 X113.96 Y110.552 E9.28961
G1 X114.522 Y111.115 E9.32571
G1 X116.507 Y111.975 E9.42391
G1 X117.07 Y112.537 E9.46001
G1 X117.93 Y114.522 E9.55821
G1 X118.493 Y115.085 E9.59431
G1 X120.478 Y115.945 E9.69252
G1 X121.04 Y116.507 E9.72862
G1 X121.9 Y118.493 E9.82682
G1 X122.463 Y119.055 E9.86292
G1 X124.448 Y119.915 E9.96112
G1 X125.01 Y120.478 E9.99722
G1 X125.871 Y122.463 E10.09542
G1 X126.433 Y123.025 E10.13152
G1 X126.563 Y123.081 E10.13793
G1 X126.563 Y119.111 E10.31814
G1 X126.433 Y119.055 E10.32455
G1 X125.871 Y118.493 E10.36065
G1 X125.01 Y116.507 E10.45886
G1 X124.448 Y115.945 E10.49496
G1 X122.463 Y115.085 E10.59316
G1 X121.9 Y114.522 E10.62926
G1 X121.04 Y112.537 E10.72746
G1 X120.478 Y111.975 E10.76356
G1 X118.493 Y111.115 E10.86176
G1 X117.93 Y110.552 E10.89786
G1 X117.07 Y108.567 E10.99606
G1 X116.94 Y108.437 E11.00438
G1 X120.91 Y108.437 E11.18459
G1 X121.04 Y108.567 E11.19291
G1 X121.9 Y110.552 E11.29112
G1 X122.463 Y111.115 E11.32722
G1 X124.448 Y111.975 E11.42542
G1 X125.01 Y112.537 E11.46152
G1 X125.871 Y114.522 E11.55972
G1 X126.433 Y115.085 E11.59582
G1 X126.563 Y115.141 E11.60223
G1 X126.563 Y111.171 E11.78244
G1 X126.433 Y111.115 E11.78885
G1 X125.871 Y110.552 E11.82495
G1 X125.01 Y108.567 E11.92315
G1 X124.881 Y108.437 E11.93148
G1 X126.44 Y108.437 E12.00227
G1 X108.437 Y110.359 F9000
G1 F1099.151
G1 X108.437 Y111.919 E12.07306
G1 X108.567 Y111.975 E12.07947
G1 X109.129 Y112.537 E12.11557
G1 X109.99 Y114.522 E12.21378
G1 X110.552 Y115.085 E12.24988
M73 P70 R8
G1 X112.537 Y115.945 E12.34808
G1 X113.1 Y116.507 E12.38418
G1 X113.96 Y118.493 E12.48238
G1 X114.522 Y119.055 E12.51848
G1 X116.507 Y119.915 E12.61668
G1 X117.07 Y120.478 E12.65278
G1 X117.93 Y122.463 E12.75098
G1 X118.493 Y123.025 E12.78708
G1 X120.478 Y123.885 E12.88528
G1 X121.04 Y124.448 E12.92138
G1 X121.9 Y126.433 E13.01959
G1 X122.03 Y126.563 E13.02791
G1 X118.06 Y126.563 E13.20811
G1 X117.93 Y126.433 E13.21644
G1 X117.07 Y124.448 E13.31464
G1 X116.507 Y123.885 E13.35074
G1 X114.522 Y123.025 E13.44894
G1 X113.96 Y122.463 E13.48504
G1 X113.1 Y120.478 E13.58324
G1 X112.537 Y119.915 E13.61934
G1 X110.552 Y119.055 E13.71754
G1 X109.99 Y118.493 E13.75364
G1 X109.129 Y116.507 E13.85184
G1 X108.567 Y115.945 E13.88794
G1 X108.437 Y115.889 E13.89436
G1 X108.437 Y114.329 E13.96515
G1 X108.56 Y126.563 F9000
G1 F1099.151
G1 X110.119 Y126.563 E14.03594
G1 X109.99 Y126.433 E14.04426
G1 X109.129 Y124.448 E14.14247
G1 X108.567 Y123.885 E14.17857
G1 X108.437 Y123.829 E14.18498
G1 X108.437 Y119.859 E14.36519
G1 X108.567 Y119.915 E14.3716
G1 X109.129 Y120.478 E14.4077
G1 X109.99 Y122.463 E14.5059
G1 X110.552 Y123.025 E14.542
G1 X112.537 Y123.885 E14.6402
G1 X113.1 Y124.448 E14.6763
G1 X113.96 Y126.433 E14.7745
G1 X114.09 Y126.563 E14.78283
G1 X112.53 Y126.563 E14.85362
; stop printing object test_cube.stl id:0 copy 0
;LAYER_CHANGE
;Z:16.44
;HEIGHT:0.280001
;_SET_FAN_SPEED_CHANGING_LAYER
; printing object test_cube.stl id:0 copy 0
G1 E14.05362 F1800
G92 E0
G1 X120.161 Y126.718 Z16.84 F9000
G1 X126.855 Y126.855 Z16.84
G1 Z16.44
G1 E.8 F1800
;TYPE:Inner wall
;WIDTH:0.45
G1 F1099.152
G1 X108.145 Y126.855 E1.64925
G1 X108.145 Y108.145 E2.49849
M73 P71 R8
G1 X126.855 Y108.145 E3.34774
G1 X126.855 Y126.815 E4.19517
G1 X127.275 Y127.275 F9000
;TYPE:Outer wall
G1 F1099.152
G1 X107.725 Y127.275 E5.08254
G1 X107.725 Y107.725 E5.96991
G1 X127.275 Y107.725 E6.85728
G1 X127.275 Y127.235 E7.74283
G1 E6.94283 F1800
G92 E0
G1 X121.033 Y126.563 Z16.84 F9000
G1 Z16.44
G1 E.8 F1800
;TYPE:Sparse infill
;WIDTH:0.45
G1 F1099.151
G1 X122.592 Y126.563 E.87079
G1 X108.437 Y112.408 E1.77941
G1 X108.437 Y108.437 E1.95962
G1 X126.563 Y126.563 E3.12309
G1 X126.563 Y122.592 E3.3033
G1 X112.408 Y108.437 E4.21192
G1 X113.967 Y108.437 E4.28272
G1 X108.437 Y114.818 F9000
G1 F1099.151
G1 X108.437 Y116.378 E4.35351
G1 X118.622 Y126.563 E5.00728
G1 X114.652 Y126.563 E5.18749
G1 X108.437 Y120.348 E5.58641
G1 X108.437 Y124.318 E5.76661
G1 X110.682 Y126.563 E5.91068
G1 X109.122 Y126.563 E5.98147
G1 X126.563 Y120.182 F9000
G1 F1099.151
G1 X126.563 Y118.622 E6.05227
G1 X116.378 Y108.437 E6.70604
G1 X120.348 Y108.437 E6.88625
G1 X126.563 Y114.652 E7.28517
G1 X126.563 Y110.682 E7.46537
G1 X124.318 Y108.437 E7.60944
G1 X125.878 Y108.437 E7.68023
; stop printing object test_cube.stl id:0 copy 0
;LAYER_CHANGE
;Z:16.72
;HEIGHT:0.279999
;_SET_FAN_SPEED_CHANGING_LAYER
; printing object test_cube.stl id:0 copy 0
G1 E6.88023 F1800
G92 E0
G1 X126.282 Y116.059 Z17.12 F9000
G1 X126.855 Y126.855 Z17.12
G1 Z16.72
G1 E.8 F1800
;TYPE:Inner wall
;WIDTH:0.45
G1 F1099.152
G1 X108.145 Y126.855 E1.64925
G1 X108.145 Y108.145 E2.49849
G1 X126.855 Y108.145 E3.34774
M73 P72 R8
G1 X126.855 Y126.815 E4.19517
G1 X127.275 Y127.275 F9000
;TYPE:Outer wall
G1 F1099.152
G1 X107.725 Y127.275 E5.08254
G1 X107.725 Y107.725 E5.96991
G1 X127.275 Y107.725 E6.85728
G1 X127.275 Y127.235 E7.74283
G1 E6.94283 F1800
G92 E0
G1 X121.033 Y126.563 Z17.12 F9000
G1 Z16.72
G1 E.8 F1800
;TYPE:Sparse infill
;WIDTH:0.45
G1 F1099.151
G1 X122.592 Y126.563 E.87079
G1 X108.437 Y112.408 E1.77941
G1 X108.437 Y108.437 E1.95962
G1 X126.563 Y126.563 E3.12309
G1 X126.563 Y122.592 E3.3033
G1 X112.408 Y108.437 E4.21192
G1 X113.967 Y108.437 E4.28272
G1 X108.437 Y114.818 F9000
G1 F1099.151
G1 X108.437 Y116.378 E4.35351
G1 X118.622 Y126.563 E5.00728
G1 X114.652 Y126.563 E5.18749
G1 X108.437 Y120.348 E5.58641
G1 X108.437 Y124.318 E5.76661
G1 X110.682 Y126.563 E5.91068
G1 X109.122 Y126.563 E5.98147
G1 X126.563 Y120.182 F9000
G1 F1099.151
G1 X126.563 Y118.622 E6.05227
G1 X116.378 Y108.437 E6.70604
G1 X120.348 Y108.437 E6.88625
G1 X126.563 Y114.652 E7.28517
G1 X126.563 Y110.682 E7.46537
G1 X124.318 Y108.437 E7.60944
G1 X125.878 Y108.437 E7.68023
; stop printing object test_cube.stl id:0 copy 0
;LAYER_CHANGE
;Z:17
;HEIGHT:0.280001
;_SET_FAN_SPEED_CHANGING_LAYER
; printing object test_cube.stl id:0 copy 0
G1 E6.88023 F1800
G92 E0
G1 X126.282 Y116.059 Z17.4 F9000
G1 X126.855 Y126.855 Z17.4
G1 Z17
G1 E.8 F1800
;TYPE:Inner wall
;WIDTH:0.45
G1 F1099.152
G1 X108.145 Y126.855 E1.64925
G1 X108.145 Y108.145 E2.49849
G1 X126.855 Y108.145 E3.34774
M73 P73 R8
G1 X126.855 Y126.815 E4.19517
G1 X127.275 Y127.275 F9000
;TYPE:Outer wall
G1 F1099.152
G1 X107.725 Y127.275 E5.08254
G1 X107.725 Y107.725 E5.96991
G1 X127.275 Y107.725 E6.85728
G1 X127.275 Y127.235 E7.74283
G1 E6.94283 F1800
G92 E0
G1 X121.033 Y126.563 Z17.4 F9000
G1 Z17
G1 E.8 F1800
;TYPE:Sparse infill
;WIDTH:0.45
G1 F1099.151
G1 X122.592 Y126.563 E.87079
G1 X108.437 Y112.408 E1.77941
G1 X108.437 Y108.437 E1.95962
G1 X126.563 Y126.563 E3.12309
G1 X126.563 Y122.592 E3.3033
G1 X112.408 Y108.437 E4.21192
G1 X113.967 Y108.437 E4.28272
G1 X108.437 Y114.818 F9000
G1 F1099.151
G1 X108.437 Y116.378 E4.35351
G1 X118.622 Y126.563 E5.00728
G1 X114.652 Y126.563 E5.18749
G1 X108.437 Y120.348 E5.58641
G1 X108.437 Y124.318 E5.76661
G1 X110.682 Y126.563 E5.91068
G1 X109.122 Y126.563 E5.98147
G1 X126.563 Y120.182 F9000
G1 F1099.151
G1 X126.563 Y118.622 E6.05227
G1 X116.378 Y108.437 E6.70604
G1 X120.348 Y108.437 E6.88625
G1 X126.563 Y114.652 E7.28517
G1 X126.563 Y110.682 E7.46537
G1 X124.318 Y108.437 E7.60944
G1 X125.878 Y108.437 E7.68023
; stop printing object test_cube.stl id:0 copy 0
;LAYER_CHANGE
;Z:17.28
;HEIGHT:0.280001
;_SET_FAN_SPEED_CHANGING_LAYER
; printing object test_cube.stl id:0 copy 0
G1 E6.88023 F1800
G92 E0
G1 X126.282 Y116.059 Z17.68 F9000
G1 X126.855 Y126.855 Z17.68
G1 Z17.28
G1 E.8 F1800
;TYPE:Inner wall
;WIDTH:0.45
G1 F1099.152
G1 X108.145 Y126.855 E1.64925
G1 X108.145 Y108.145 E2.49849
G1 X126.855 Y108.145 E3.34774
M73 P74 R8
G1 X126.855 Y126.815 E4.19517
M73 P74 R7
G1 X127.275 Y127.275 F9000
;TYPE:Outer wall
G1 F1099.152
G1 X107.725 Y127.275 E5.08254
G1 X107.725 Y107.725 E5.96991
G1 X127.275 Y107.725 E6.85728
G1 X127.275 Y127.235 E7.74283
G1 E6.94283 F1800
G92 E0
G1 X121.033 Y126.563 Z17.68 F9000
G1 Z17.28
G1 E.8 F1800
;TYPE:Sparse infill
;WIDTH:0.45
G1 F1099.151
G1 X122.592 Y126.563 E.87079
G1 X108.437 Y112.408 E1.77941
G1 X108.437 Y108.437 E1.95962
G1 X126.563 Y126.563 E3.12309
G1 X126.563 Y122.592 E3.3033
G1 X112.408 Y108.437 E4.21192
G1 X113.967 Y108.437 E4.28272
G1 X108.437 Y114.818 F9000
G1 F1099.151
G1 X108.437 Y116.378 E4.35351
G1 X118.622 Y126.563 E5.00728
G1 X114.652 Y126.563 E5.18749
G1 X108.437 Y120.348 E5.58641
G1 X108.437 Y124.318 E5.76661
G1 X110.682 Y126.563 E5.91068
G1 X109.122 Y126.563 E5.98147
G1 X126.563 Y120.182 F9000
G1 F1099.151
G1 X126.563 Y118.622 E6.05227
G1 X116.378 Y108.437 E6.70604
G1 X120.348 Y108.437 E6.88625
G1 X126.563 Y114.652 E7.28517
G1 X126.563 Y110.682 E7.46537
G1 X124.318 Y108.437 E7.60944
G1 X125.878 Y108.437 E7.68023
; stop printing object test_cube.stl id:0 copy 0
;LAYER_CHANGE
;Z:17.56
;HEIGHT:0.279999
;_SET_FAN_SPEED_CHANGING_LAYER
; printing object test_cube.stl id:0 copy 0
G1 E6.88023 F1800
G92 E0
G1 X126.282 Y116.059 Z17.96 F9000
G1 X126.855 Y126.855 Z17.96
G1 Z17.56
G1 E.8 F1800
;TYPE:Inner wall
;WIDTH:0.45
G1 F1099.152
G1 X108.145 Y126.855 E1.64925
G1 X108.145 Y108.145 E2.49849
G1 X126.855 Y108.145 E3.34774
G1 X126.855 Y126.815 E4.19517
M73 P75 R7
G1 X127.275 Y127.275 F9000
;TYPE:Outer wall
G1 F1099.152
G1 X107.725 Y127.275 E5.08254
G1 X107.725 Y107.725 E5.96991
G1 X127.275 Y107.725 E6.85728
G1 X127.275 Y127.235 E7.74283
G1 E6.94283 F1800
G92 E0
G1 X121.033 Y126.563 Z17.96 F9000
G1 Z17.56
G1 E.8 F1800
;TYPE:Sparse infill
;WIDTH:0.45
G1 F1099.151
G1 X122.592 Y126.563 E.87079
G1 X108.437 Y112.408 E1.77941
G1 X108.437 Y108.437 E1.95962
G1 X126.563 Y126.563 E3.12309
G1 X126.563 Y122.592 E3.3033
G1 X112.408 Y108.437 E4.21192
G1 X113.967 Y108.437 E4.28272
G1 X108.437 Y114.818 F9000
G1 F1099.151
G1 X108.437 Y116.378 E4.35351
G1 X118.622 Y126.563 E5.00728
G1 X114.652 Y126.563 E5.18749
G1 X108.437 Y120.348 E5.58641
G1 X108.437 Y124.318 E5.76661
G1 X110.682 Y126.563 E5.91068
G1 X109.122 Y126.563 E5.98147
G1 X126.563 Y120.182 F9000
G1 F1099.151
G1 X126.563 Y118.622 E6.05227
G1 X116.378 Y108.437 E6.70604
G1 X120.348 Y108.437 E6.88625
G1 X126.563 Y114.652 E7.28517
G1 X126.563 Y110.682 E7.46537
G1 X124.318 Y108.437 E7.60944
G1 X125.878 Y108.437 E7.68023
; stop printing object test_cube.stl id:0 copy 0
;LAYER_CHANGE
;Z:17.84
;HEIGHT:0.280001
;_SET_FAN_SPEED_CHANGING_LAYER
; printing object test_cube.stl id:0 copy 0
G1 E6.88023 F1800
G92 E0
G1 X126.282 Y116.059 Z18.24 F9000
G1 X126.855 Y126.855 Z18.24
G1 Z17.84
G1 E.8 F1800
;TYPE:Inner wall
;WIDTH:0.45
G1 F1099.152
G1 X108.145 Y126.855 E1.64925
G1 X108.145 Y108.145 E2.49849
G1 X126.855 Y108.145 E3.34774
G1 X126.855 Y126.815 E4.19517
M73 P76 R7
G1 X127.275 Y127.275 F9000
;TYPE:Outer wall
G1 F1099.152
G1 X107.725 Y127.275 E5.08254
G1 X107.725 Y107.725 E5.96991
G1 X127.275 Y107.725 E6.85728
G1 X127.275 Y127.235 E7.74283
G1 E6.94283 F1800
G92 E0
G1 X121.033 Y126.563 Z18.24 F9000
G1 Z17.84
G1 E.8 F1800
;TYPE:Sparse infill
;WIDTH:0.45
G1 F1099.151
G1 X122.592 Y126.563 E.87079
G1 X108.437 Y112.408 E1.77941
G1 X108.437 Y108.437 E1.95962
G1 X126.563 Y126.563 E3.12309
G1 X126.563 Y122.592 E3.3033
G1 X112.408 Y108.437 E4.21192
G1 X113.967 Y108.437 E4.28272
G1 X108.437 Y114.818 F9000
G1 F1099.151
G1 X108.437 Y116.378 E4.35351
G1 X118.622 Y126.563 E5.00728
G1 X114.652 Y126.563 E5.18749
G1 X108.437 Y120.348 E5.58641
G1 X108.437 Y124.318 E5.76661
G1 X110.682 Y126.563 E5.91068
G1 X109.122 Y126.563 E5.98147
G1 X126.563 Y120.182 F9000
G1 F1099.151
G1 X126.563 Y118.622 E6.05227
G1 X116.378 Y108.437 E6.70604
G1 X120.348 Y108.437 E6.88625
G1 X126.563 Y114.652 E7.28517
G1 X126.563 Y110.682 E7.46537
G1 X124.318 Y108.437 E7.60944
G1 X125.878 Y108.437 E7.68023
; stop printing object test_cube.stl id:0 copy 0
M106 S196
;LAYER_CHANGE
;Z:18.12
;HEIGHT:0.280001
;_SET_FAN_SPEED_CHANGING_LAYER
; printing object test_cube.stl id:0 copy 0
G1 E6.88023 F1800
G92 E0
G1 X126.282 Y116.059 Z18.52 F9000
G1 X126.855 Y126.855 Z18.52
G1 Z18.12
G1 E.8 F1800
;TYPE:Inner wall
;WIDTH:0.45
G1 F1099.152
G1 X108.145 Y126.855 E1.64925
G1 X108.145 Y108.145 E2.49849
G1 X126.855 Y108.145 E3.34774
G1 X126.855 Y126.815 E4.19517
G1 X127.275 Y127.275 F9000
M73 P77 R7
;TYPE:Outer wall
G1 F1099.152
G1 X107.725 Y127.275 E5.08254
G1 X107.725 Y107.725 E5.96991
G1 X127.275 Y107.725 E6.85728
G1 X127.275 Y127.235 E7.74283
G1 E6.94283 F1800
M73 P77 R6
G92 E0
G1 X126.173 Y120.473 Z18.52 F9000
G1 Z18.12
G1 E.8 F1800
;TYPE:Sparse infill
;WIDTH:0.45
G1 F1099.151
G1 X126.173 Y118.913 E.87079
G1 X125.752 Y118.493 E.89779
G1 X125.129 Y116.507 E.99223
G1 X124.448 Y115.827 E1.03594
G1 X122.463 Y115.203 E1.13038
G1 X121.782 Y114.522 E1.17409
G1 X121.159 Y112.537 E1.26853
G1 X120.478 Y111.856 E1.31224
G1 X118.493 Y111.233 E1.40668
G1 X117.812 Y110.552 E1.45039
G1 X117.27 Y108.827 E1.53245
G1 X121.24 Y108.827 E1.71266
G1 X121.782 Y110.552 E1.79471
G1 X122.463 Y111.233 E1.83842
G1 X124.448 Y111.856 E1.93286
G1 X125.129 Y112.537 E1.97657
G1 X125.752 Y114.522 E2.07101
G1 X126.173 Y114.943 E2.09802
G1 X126.173 Y110.973 E2.27822
G1 X125.752 Y110.552 E2.30523
G1 X125.211 Y108.827 E2.38728
G1 X123.651 Y108.827 E2.45807
G1 X126.514 Y108.632 F9000
;TYPE:Internal solid infill
;WIDTH:0.400089
G1 F1260.504
G1 X126.484 Y108.486 E2.46398
G1 X108.632 Y108.486 E3.17053
G1 X108.486 Y108.516 E3.17644
G1 X108.486 Y126.368 E3.88298
G1 X108.516 Y126.514 E3.88889
G1 X126.368 Y126.514 E4.59544
G1 X126.514 Y126.484 E4.60135
G1 X126.514 Y108.672 E5.30631
G1 X114.86 Y108.827 F9000
;TYPE:Sparse infill
;WIDTH:0.45
G1 F1099.151
G1 X113.3 Y108.827 E5.3771
G1 X113.841 Y110.552 E5.45916
G1 X114.522 Y111.233 E5.50287
G1 X116.507 Y111.856 E5.59731
G1 X117.188 Y112.537 E5.64102
G1 X117.812 Y114.522 E5.73546
G1 X118.493 Y115.203 E5.77917
G1 X120.478 Y115.827 E5.87361
G1 X121.159 Y116.507 E5.91732
G1 X121.782 Y118.493 E6.01176
G1 X122.463 Y119.173 E6.05547
G1 X124.448 Y119.797 E6.14991
G1 X125.129 Y120.478 E6.19362
G1 X125.752 Y122.463 E6.28805
G1 X126.173 Y122.883 E6.31506
G1 X126.173 Y126.173 E6.46436
G1 X125.67 Y126.173 E6.48716
G1 X125.129 Y124.448 E6.56922
G1 X124.448 Y123.767 E6.61293
G1 X122.463 Y123.144 E6.70737
G1 X121.782 Y122.463 E6.75108
G1 X121.159 Y120.478 E6.84552
G1 X120.478 Y119.797 E6.88923
G1 X118.493 Y119.173 E6.98367
G1 X117.812 Y118.493 E7.02738
G1 X117.188 Y116.507 E7.12181
G1 X116.507 Y115.827 E7.16552
G1 X114.522 Y115.203 E7.25996
G1 X113.841 Y114.522 E7.30367
G1 X113.218 Y112.537 E7.39811
G1 X112.537 Y111.856 E7.44182
G1 X110.552 Y111.233 E7.53626
G1 X109.871 Y110.552 E7.57997
G1 X109.33 Y108.827 E7.66203
G1 X108.827 Y108.827 E7.68483
G1 X108.827 Y112.117 E7.83413
G1 X109.248 Y112.537 E7.86114
G1 X109.871 Y114.522 E7.95558
G1 X110.552 Y115.203 E7.99929
G1 X112.537 Y115.827 E8.09372
G1 X113.218 Y116.507 E8.13743
G1 X113.841 Y118.493 E8.23187
G1 X114.522 Y119.173 E8.27558
G1 X116.507 Y119.797 E8.37002
G1 X117.188 Y120.478 E8.41373
G1 X117.812 Y122.463 E8.50817
G1 X118.493 Y123.144 E8.55188
G1 X120.478 Y123.767 E8.64632
G1 X121.159 Y124.448 E8.69003
G1 X121.7 Y126.173 E8.77209
G1 X117.73 Y126.173 E8.9523
G1 X117.188 Y124.448 E9.03435
G1 X116.507 Y123.767 E9.07806
G1 X114.522 Y123.144 E9.1725
G1 X113.841 Y122.463 E9.21621
G1 X113.218 Y120.478 E9.31065
G1 X112.537 Y119.797 E9.35436
G1 X110.552 Y119.173 E9.4488
G1 X109.871 Y118.493 E9.49251
G1 X109.248 Y116.507 E9.58695
G1 X108.827 Y116.087 E9.61396
G1 X108.827 Y120.057 E9.79416
G1 X109.248 Y120.478 E9.82116
G1 X109.871 Y122.463 E9.9156
G1 X110.552 Y123.144 E9.95931
G1 X112.537 Y123.767 E10.05375
G1 X113.218 Y124.448 E10.09746
G1 X113.76 Y126.173 E10.17952
G1 X109.789 Y126.173 E10.35973
G1 X109.248 Y124.448 E10.44179
G1 X108.827 Y124.027 E10.46879
G1 X108.827 Y122.468 E10.53958
; stop printing object test_cube.stl id:0 copy 0
M106 S68
;LAYER_CHANGE
;Z:18.4
;HEIGHT:0.279999
;_SET_FAN_SPEED_CHANGING_LAYER
; printing object test_cube.stl id:0 copy 0
G1 E9.73958 F1800
G92 E0
G1 X116.243 Y124.272 Z18.8 F9000
G1 X126.855 Y126.855 Z18.8
G1 Z18.4
G1 E.8 F1800
;TYPE:Inner wall
;WIDTH:0.45
G1 F1099.152
G1 X108.145 Y126.855 E1.64925
G1 X108.145 Y108.145 E2.49849
M73 P78 R6
G1 X126.855 Y108.145 E3.34774
G1 X126.855 Y126.815 E4.19517
G1 X127.275 Y127.275 F9000
;TYPE:Outer wall
G1 F1099.152
G1 X107.725 Y127.275 E5.08254
G1 X107.725 Y107.725 E5.96991
G1 X127.275 Y107.725 E6.85728
G1 X127.275 Y127.235 E7.74283
G1 X126.736 Y126.357 F9000
;TYPE:Internal Bridge
;WIDTH:0.389872
;HEIGHT:0.389872
G1 F1005.189
M106 S255
G1 X126.16 Y126.538 E7.77277
G1 X124.691 Y126.538 E7.84566
G1 X126.538 Y125.958 E7.9417
G1 X126.538 Y125.497 E7.96458
G1 X123.223 Y126.538 E8.13701
G1 X121.754 Y126.538 E8.2099
G1 X126.538 Y125.036 E8.45872
G1 X126.538 Y124.575 E8.4816
G1 X120.286 Y126.538 E8.80682
G1 X118.817 Y126.538 E8.87971
G1 X126.538 Y124.114 E9.28132
G1 X126.538 Y123.653 E9.3042
G1 X117.349 Y126.538 E9.7822
G1 X115.881 Y126.538 E9.85509
G1 X126.538 Y123.192 E10.40949
G1 X126.538 Y122.731 E10.43237
G1 X114.412 Y126.538 E11.06316
G1 X112.944 Y126.538 E11.13605
G1 X126.538 Y122.27 E11.84323
G1 X126.538 Y121.809 E11.86611
G1 X111.475 Y126.538 E12.64969
G1 X110.007 Y126.538 E12.72257
G1 X126.538 Y121.348 E13.58254
G1 X126.538 Y120.887 E13.60543
G1 X108.538 Y126.538 E14.54179
G1 X108.462 Y126.538 E14.54554
G1 X108.462 Y126.1 E14.56725
G1 X126.538 Y120.426 E15.50755
G1 X126.538 Y119.965 E15.53043
G1 X108.462 Y125.639 E16.47073
G1 X108.462 Y125.178 E16.49361
G1 X126.538 Y119.503 E17.43391
G1 X126.538 Y119.042 E17.45679
M73 P79 R6
G1 X108.462 Y124.717 E18.39709
G1 X108.462 Y124.256 E18.41997
G1 X126.538 Y118.581 E19.36027
G1 X126.538 Y118.12 E19.38315
G1 X108.462 Y123.795 E20.32345
G1 X108.462 Y123.334 E20.34633
G1 X126.538 Y117.659 E21.28663
G1 X126.538 Y117.198 E21.30951
G1 X108.462 Y122.873 E22.24981
G1 X108.462 Y122.412 E22.27269
G1 X126.538 Y116.737 E23.21299
G1 X126.538 Y116.276 E23.23587
G1 X108.462 Y121.951 E24.17617
G1 X108.462 Y121.49 E24.19905
G1 X126.538 Y115.815 E25.13935
G1 X126.538 Y115.354 E25.16223
G1 X108.462 Y121.029 E26.10253
G1 X108.462 Y120.568 E26.12541
G1 X126.538 Y114.893 E27.06571
G1 X126.538 Y114.432 E27.08859
G1 X108.462 Y120.107 E28.02889
G1 X108.462 Y119.646 E28.05177
G1 X126.538 Y113.971 E28.99207
G1 X126.538 Y113.51 E29.01495
G1 X108.462 Y119.185 E29.95525
G1 X108.462 Y118.724 E29.97813
G1 X126.538 Y113.049 E30.91843
G1 X126.538 Y112.588 E30.94131
G1 X108.462 Y118.263 E31.88161
G1 X108.462 Y117.802 E31.90449
M73 P80 R6
G1 X126.538 Y112.127 E32.84479
G1 X126.538 Y111.666 E32.86768
G1 X108.462 Y117.341 E33.80797
G1 X108.462 Y116.88 E33.83086
G1 X126.538 Y111.205 E34.77115
G1 X126.538 Y110.744 E34.79404
G1 X108.462 Y116.419 E35.73433
G1 X108.462 Y115.957 E35.75722
G1 X126.538 Y110.283 E36.69751
G1 X126.538 Y109.822 E36.7204
G1 X108.462 Y115.496 E37.6607
G1 X108.462 Y115.035 E37.68358
G1 X126.538 Y109.361 E38.62388
G1 X126.538 Y108.9 E38.64676
G1 X108.462 Y114.574 E39.58706
G1 X108.462 Y114.113 E39.60994
G1 X126.462 Y108.462 E40.54628
G1 X124.993 Y108.462 E40.61917
M73 P80 R5
G1 X108.462 Y113.652 E41.47912
G1 X108.462 Y113.191 E41.502
G1 X123.525 Y108.462 E42.28556
G1 X122.056 Y108.462 E42.35845
G1 X108.462 Y112.73 E43.06562
G1 X108.462 Y112.269 E43.0885
G1 X120.588 Y108.462 E43.71927
G1 X119.119 Y108.462 E43.79216
G1 X108.462 Y111.808 E44.34654
G1 X108.462 Y111.347 E44.36942
G1 X117.651 Y108.462 E44.84741
G1 X116.182 Y108.462 E44.92029
G1 X108.462 Y110.886 E45.32189
G1 X108.462 Y110.425 E45.34477
G1 X114.714 Y108.462 E45.66997
G1 X113.245 Y108.462 E45.74286
G1 X108.462 Y109.964 E45.99166
G1 X108.462 Y109.503 E46.01455
G1 X111.777 Y108.462 E46.18696
G1 X110.308 Y108.462 E46.25985
G1 X108.462 Y109.042 E46.35587
G1 X108.462 Y108.581 E46.37875
G1 X109.47 Y108.264 E46.43118
; stop printing object test_cube.stl id:0 copy 0
M106 S61
;LAYER_CHANGE
;Z:18.68
;HEIGHT:0.280001
;_SET_FAN_SPEED_CHANGING_LAYER
; printing object test_cube.stl id:0 copy 0
G1 E45.63118 F1800
G92 E0
G1 X114.683 Y113.839 Z19.08 F9000
G1 X126.855 Y126.855 Z19.08
G1 Z18.68
G1 E.8 F1800
;TYPE:Inner wall
;WIDTH:0.45
G1 F1099.152
M106 S61
G1 X108.145 Y126.855 E1.64925
G1 X108.145 Y108.145 E2.49849
M73 P81 R5
G1 X126.855 Y108.145 E3.34774
G1 X126.855 Y126.815 E4.19517
G1 X127.275 Y127.275 F9000
;TYPE:Outer wall
G1 F1099.152
G1 X107.725 Y127.275 E5.08254
G1 X107.725 Y107.725 E5.96991
G1 X127.275 Y107.725 E6.85728
G1 X127.275 Y127.235 E7.74283
G1 E6.94283 F1800
G92 E0
G1 X127.034 Y119.606 Z19.08 F9000
G1 X126.738 Y110.238 Z19.08
G1 Z18.68
G1 E.8 F1800
;TYPE:Internal solid infill
G1 F1099.152
G1 X124.937 Y108.437 E.9156
G1 X124.386 Y108.437 E.94063
G1 X126.563 Y110.614 E1.08036
G1 X126.563 Y111.166 E1.10539
G1 X123.834 Y108.437 E1.28052
G1 X123.283 Y108.437 E1.30555
G1 X126.563 Y111.717 E1.51607
G1 X126.563 Y112.268 E1.5411
G1 X122.732 Y108.437 E1.78702
G1 X122.18 Y108.437 E1.81205
G1 X126.563 Y112.82 E2.09336
G1 X126.563 Y113.371 E2.11839
G1 X121.629 Y108.437 E2.4351
G1 X121.077 Y108.437 E2.46013
G1 X126.563 Y113.923 E2.81224
G1 X126.563 Y114.474 E2.83727
G1 X120.526 Y108.437 E3.22477
G1 X119.974 Y108.437 E3.2498
G1 X126.563 Y115.026 E3.6727
G1 X126.563 Y115.577 E3.69773
G1 X119.423 Y108.437 E4.15602
G1 X118.872 Y108.437 E4.18105
G1 X126.563 Y116.128 E4.67474
G1 X126.563 Y116.68 E4.69977
G1 X118.32 Y108.437 E5.22886
G1 X117.769 Y108.437 E5.25389
G1 X126.563 Y117.231 E5.81837
G1 X126.563 Y117.783 E5.8434
G1 X117.217 Y108.437 E6.44328
G1 X116.666 Y108.437 E6.46831
G1 X126.563 Y118.334 E7.10358
G1 X126.563 Y118.885 E7.12861
G1 X116.115 Y108.437 E7.79928
G1 X115.563 Y108.437 E7.82431
G1 X126.563 Y119.437 E8.53038
G1 X126.563 Y119.988 E8.55541
G1 X115.012 Y108.437 E9.29687
G1 X114.46 Y108.437 E9.3219
M73 P82 R5
G1 X126.563 Y120.54 E10.09876
G1 X126.563 Y121.091 E10.12379
G1 X113.909 Y108.437 E10.93604
G1 X113.357 Y108.437 E10.96107
G1 X126.563 Y121.643 E11.80872
G1 X126.563 Y122.194 E11.83375
G1 X112.806 Y108.437 E12.71679
G1 X112.255 Y108.437 E12.74182
G1 X126.563 Y122.745 E13.66027
G1 X126.563 Y123.297 E13.68529
G1 X111.703 Y108.437 E14.63913
G1 X111.152 Y108.437 E14.66416
G1 X126.563 Y123.848 E15.65339
G1 X126.563 Y124.4 E15.67842
G1 X110.6 Y108.437 E16.70305
G1 X110.049 Y108.437 E16.72808
G1 X126.563 Y124.951 E17.78811
G1 X126.563 Y125.502 E17.81314
G1 X109.498 Y108.437 E18.90856
G1 X108.946 Y108.437 E18.93359
G1 X126.563 Y126.054 E20.0644
G1 X126.563 Y126.563 E20.08749
G1 X126.52 Y126.563 E20.08943
G1 X108.437 Y108.48 E21.25016
G1 X108.437 Y109.032 E21.27519
G1 X125.968 Y126.563 E22.40053
G1 X125.417 Y126.563 E22.42556
G1 X108.437 Y109.583 E23.51549
G1 X108.437 Y110.134 E23.54052
G1 X124.866 Y126.563 E24.59507
G1 X124.314 Y126.563 E24.62009
M73 P83 R5
G1 X108.437 Y110.686 E25.63924
G1 X108.437 Y111.237 E25.66427
G1 X123.763 Y126.563 E26.64802
G1 X123.211 Y126.563 E26.67305
G1 X108.437 Y111.789 E27.62141
G1 X108.437 Y112.34 E27.64643
G1 X122.66 Y126.563 E28.55939
G1 X122.109 Y126.563 E28.58442
G1 X108.437 Y112.891 E29.46199
G1 X108.437 Y113.443 E29.48701
G1 X121.557 Y126.563 E30.32918
G1 X121.006 Y126.563 E30.35421
G1 X108.437 Y113.994 E31.16098
G1 X108.437 Y114.546 E31.18601
G1 X120.454 Y126.563 E31.95739
G1 X119.903 Y126.563 E31.98241
G1 X108.437 Y115.097 E32.71839
G1 X108.437 Y115.649 E32.74342
G1 X119.351 Y126.563 E33.44401
G1 X118.8 Y126.563 E33.46904
G1 X108.437 Y116.2 E34.13422
G1 X108.437 Y116.751 E34.15925
G1 X118.249 Y126.563 E34.78904
G1 X117.697 Y126.563 E34.81407
G1 X108.437 Y117.303 E35.40847
G1 X108.437 Y117.854 E35.4335
G1 X117.146 Y126.563 E35.9925
G1 X116.594 Y126.563 E36.01753
M73 P83 R4
G1 X108.437 Y118.406 E36.54113
G1 X108.437 Y118.957 E36.56616
G1 X116.043 Y126.563 E37.05437
G1 X115.492 Y126.563 E37.0794
G1 X108.437 Y119.508 E37.53221
G1 X108.437 Y120.06 E37.55724
G1 X114.94 Y126.563 E37.97466
G1 X114.389 Y126.563 E37.99968
G1 X108.437 Y120.611 E38.3817
G1 X108.437 Y121.163 E38.40673
G1 X113.837 Y126.563 E38.75336
G1 X113.286 Y126.563 E38.77839
G1 X108.437 Y121.714 E39.08962
G1 X108.437 Y122.266 E39.11464
G1 X112.734 Y126.563 E39.39048
G1 X112.183 Y126.563 E39.41551
G1 X108.437 Y122.817 E39.65594
M73 P84 R4
G1 X108.437 Y123.368 E39.68097
G1 X111.632 Y126.563 E39.88601
G1 X111.08 Y126.563 E39.91104
G1 X108.437 Y123.92 E40.08069
G1 X108.437 Y124.471 E40.10572
G1 X110.529 Y126.563 E40.23997
G1 X109.977 Y126.563 E40.26499
G1 X108.437 Y125.023 E40.36385
G1 X108.437 Y125.574 E40.38888
G1 X109.601 Y126.738 E40.4636
G1 X108.548 Y126.435 F9000
;WIDTH:0.430407
G1 F1157.307
G1 X108.479 Y126.475 E40.46705
G1 X108.551 Y126.51 E40.47052
G1 X126.394 Y109.517 F9000
;WIDTH:0.593246
G1 F803.837
G1 X126.394 Y108.606 E40.52701
G1 X125.483 Y108.606 E40.5835
G1 X126.365 Y109.488 E40.6609
; stop printing object test_cube.stl id:0 copy 0
M106 S63
;LAYER_CHANGE
;Z:18.96
;HEIGHT:0.279999
;_SET_FAN_SPEED_CHANGING_LAYER
; printing object test_cube.stl id:0 copy 0
G1 E39.8609 F1800
G92 E0
G1 X126.58 Y117.118 Z19.36 F9000
G1 X126.855 Y126.855 Z19.36
G1 Z18.96
G1 E.8 F1800
;TYPE:Inner wall
;WIDTH:0.45
G1 F1099.152
G1 X108.145 Y126.855 E1.64925
G1 X108.145 Y108.145 E2.49849
G1 X126.855 Y108.145 E3.34774
G1 X126.855 Y126.815 E4.19517
G1 X127.275 Y127.275 F9000
;TYPE:Outer wall
G1 F1099.152
G1 X107.725 Y127.275 E5.08254
G1 X107.725 Y107.725 E5.96991
G1 X127.275 Y107.725 E6.85728
G1 X127.275 Y127.235 E7.74283
G1 X125.483 Y126.394 F9000
;TYPE:Internal solid infill
;WIDTH:0.593246
G1 F803.837
G1 X126.394 Y126.394 E7.79932
G1 X126.394 Y125.483 E7.85581
G1 X125.512 Y126.365 E7.93321
G1 X124.762 Y126.738 F9000
;WIDTH:0.45
G1 F1099.152
G1 X126.563 Y124.937 E8.04881
G1 X126.563 Y124.386 E8.07384
G1 X124.386 Y126.563 E8.21357
G1 X123.834 Y126.563 E8.2386
G1 X126.563 Y123.834 E8.41373
G1 X126.563 Y123.283 E8.43876
G1 X123.283 Y126.563 E8.64928
G1 X122.732 Y126.563 E8.67431
G1 X126.563 Y122.732 E8.92023
G1 X126.563 Y122.18 E8.94526
G1 X122.18 Y126.563 E9.22658
G1 X121.629 Y126.563 E9.2516
G1 X126.563 Y121.629 E9.56832
G1 X126.563 Y121.077 E9.59334
G1 X121.077 Y126.563 E9.94545
G1 X120.526 Y126.563 E9.97048
G1 X126.563 Y120.526 E10.35798
G1 X126.563 Y119.974 E10.38301
G1 X119.974 Y126.563 E10.80591
G1 X119.423 Y126.563 E10.83094
G1 X126.563 Y119.423 E11.28924
G1 X126.563 Y118.872 E11.31427
G1 X118.872 Y126.563 E11.80796
G1 X118.32 Y126.563 E11.83299
G1 X126.563 Y118.32 E12.36207
G1 X126.563 Y117.769 E12.3871
G1 X117.769 Y126.563 E12.95158
G1 X117.217 Y126.563 E12.97661
G1 X126.563 Y117.217 E13.57649
G1 X126.563 Y116.666 E13.60152
G1 X116.666 Y126.563 E14.2368
G1 X116.115 Y126.563 E14.26182
M73 P85 R4
G1 X126.563 Y116.115 E14.9325
G1 X126.563 Y115.563 E14.95752
G1 X115.563 Y126.563 E15.66359
G1 X115.012 Y126.563 E15.68862
G1 X126.563 Y115.012 E16.43008
G1 X126.563 Y114.46 E16.45511
G1 X114.46 Y126.563 E17.23197
G1 X113.909 Y126.563 E17.257
G1 X126.563 Y113.909 E18.06925
G1 X126.563 Y113.357 E18.09428
G1 X113.357 Y126.563 E18.94193
G1 X112.806 Y126.563 E18.96696
G1 X126.563 Y112.806 E19.85001
G1 X126.563 Y112.255 E19.87503
G1 X112.255 Y126.563 E20.79348
G1 X111.703 Y126.563 E20.81851
G1 X126.563 Y111.703 E21.77234
G1 X126.563 Y111.152 E21.79737
G1 X111.152 Y126.563 E22.78661
G1 X110.6 Y126.563 E22.81164
G1 X126.563 Y110.6 E23.83626
G1 X126.563 Y110.049 E23.86129
G1 X110.049 Y126.563 E24.92132
G1 X109.498 Y126.563 E24.94635
G1 X126.563 Y109.498 E26.04177
G1 X126.563 Y108.946 E26.0668
G1 X108.946 Y126.563 E27.19762
G1 X108.437 Y126.563 E27.22071
G1 X108.437 Y126.52 E27.22264
G1 X126.52 Y108.437 E28.38338
G1 X125.968 Y108.437 E28.4084
G1 X108.437 Y125.968 E29.53374
G1 X108.437 Y125.417 E29.55877
M73 P86 R4
G1 X125.417 Y108.437 E30.64871
G1 X124.866 Y108.437 E30.67373
G1 X108.437 Y124.866 E31.72828
G1 X108.437 Y124.314 E31.75331
G1 X124.314 Y108.437 E32.77245
G1 X123.763 Y108.437 E32.79748
G1 X108.437 Y123.763 E33.78123
G1 X108.437 Y123.211 E33.80626
G1 X123.211 Y108.437 E34.75462
G1 X122.66 Y108.437 E34.77965
G1 X108.437 Y122.66 E35.69261
G1 X108.437 Y122.109 E35.71763
G1 X122.109 Y108.437 E36.5952
G1 X121.557 Y108.437 E36.62023
G1 X108.437 Y121.557 E37.46239
G1 X108.437 Y121.006 E37.48742
G1 X121.006 Y108.437 E38.29419
G1 X120.454 Y108.437 E38.31922
G1 X108.437 Y120.454 E39.0906
G1 X108.437 Y119.903 E39.11563
G1 X119.903 Y108.437 E39.85161
G1 X119.351 Y108.437 E39.87664
G1 X108.437 Y119.351 E40.57722
G1 X108.437 Y118.8 E40.60225
G1 X118.8 Y108.437 E41.26744
G1 X118.249 Y108.437 E41.29246
G1 X108.437 Y118.249 E41.92226
G1 X108.437 Y117.697 E41.94728
G1 X117.697 Y108.437 E42.54168
G1 X117.146 Y108.437 E42.56671
G1 X108.437 Y117.146 E43.12571
G1 X108.437 Y116.594 E43.15074
G1 X116.594 Y108.437 E43.67434
G1 X116.043 Y108.437 E43.69937
G1 X108.437 Y116.043 E44.18758
G1 X108.437 Y115.492 E44.21261
G1 X115.492 Y108.437 E44.66542
G1 X114.94 Y108.437 E44.69045
M73 P87 R4
G1 X108.437 Y114.94 E45.10787
G1 X108.437 Y114.389 E45.1329
M73 P87 R3
G1 X114.389 Y108.437 E45.51492
G1 X113.837 Y108.437 E45.53994
G1 X108.437 Y113.837 E45.88657
G1 X108.437 Y113.286 E45.9116
G1 X113.286 Y108.437 E46.22283
G1 X112.734 Y108.437 E46.24786
G1 X108.437 Y112.734 E46.52369
G1 X108.437 Y112.183 E46.54872
G1 X112.183 Y108.437 E46.78915
G1 X111.632 Y108.437 E46.81418
G1 X108.437 Y111.632 E47.01922
G1 X108.437 Y111.08 E47.04425
G1 X111.08 Y108.437 E47.2139
G1 X110.529 Y108.437 E47.23893
G1 X108.437 Y110.529 E47.37318
G1 X108.437 Y109.977 E47.39821
G1 X109.977 Y108.437 E47.49706
G1 X109.426 Y108.437 E47.52209
G1 X108.262 Y109.601 E47.59681
G1 X108.548 Y108.485 F9000
;WIDTH:0.430409
G1 F1157.3
G1 X108.479 Y108.525 E47.60026
G1 X108.551 Y108.56 E47.60373
; stop printing object test_cube.stl id:0 copy 0
M106 S61
;LAYER_CHANGE
;Z:19.24
;HEIGHT:0.280001
;_SET_FAN_SPEED_CHANGING_LAYER
; printing object test_cube.stl id:0 copy 0
G1 E46.80373 F1800
G92 E0
G1 X113.95 Y113.955 Z19.64 F9000
G1 X126.855 Y126.855 Z19.64
G1 Z19.24
G1 E.8 F1800
;TYPE:Inner wall
;WIDTH:0.45
G1 F1099.152
G1 X108.145 Y126.855 E1.64925
G1 X108.145 Y108.145 E2.49849
G1 X126.855 Y108.145 E3.34774
G1 X126.855 Y126.815 E4.19517
G1 X127.275 Y127.275 F9000
;TYPE:Outer wall
G1 F1099.152
G1 X107.725 Y127.275 E5.08254
G1 X107.725 Y107.725 E5.96991
G1 X127.275 Y107.725 E6.85728
G1 X127.275 Y127.235 E7.74283
G1 E6.94283 F1800
G92 E0
G1 X127.034 Y119.606 Z19.64 F9000
G1 X126.738 Y110.238 Z19.64
G1 Z19.24
G1 E.8 F1800
;TYPE:Internal solid infill
G1 F1099.152
G1 X124.937 Y108.437 E.9156
G1 X124.386 Y108.437 E.94063
G1 X126.563 Y110.614 E1.08036
G1 X126.563 Y111.166 E1.10539
G1 X123.834 Y108.437 E1.28052
G1 X123.283 Y108.437 E1.30555
G1 X126.563 Y111.717 E1.51607
G1 X126.563 Y112.268 E1.5411
G1 X122.732 Y108.437 E1.78702
G1 X122.18 Y108.437 E1.81205
G1 X126.563 Y112.82 E2.09336
G1 X126.563 Y113.371 E2.11839
G1 X121.629 Y108.437 E2.4351
G1 X121.077 Y108.437 E2.46013
G1 X126.563 Y113.923 E2.81224
G1 X126.563 Y114.474 E2.83727
G1 X120.526 Y108.437 E3.22477
G1 X119.974 Y108.437 E3.2498
G1 X126.563 Y115.026 E3.6727
G1 X126.563 Y115.577 E3.69773
G1 X119.423 Y108.437 E4.15602
G1 X118.872 Y108.437 E4.18105
G1 X126.563 Y116.128 E4.67474
G1 X126.563 Y116.68 E4.69977
G1 X118.32 Y108.437 E5.22886
G1 X117.769 Y108.437 E5.25389
M73 P88 R3
G1 X126.563 Y117.231 E5.81837
G1 X126.563 Y117.783 E5.8434
G1 X117.217 Y108.437 E6.44328
G1 X116.666 Y108.437 E6.46831
G1 X126.563 Y118.334 E7.10358
G1 X126.563 Y118.885 E7.12861
G1 X116.115 Y108.437 E7.79928
G1 X115.563 Y108.437 E7.82431
G1 X126.563 Y119.437 E8.53038
G1 X126.563 Y119.988 E8.55541
G1 X115.012 Y108.437 E9.29687
G1 X114.46 Y108.437 E9.3219
G1 X126.563 Y120.54 E10.09876
G1 X126.563 Y121.091 E10.12379
G1 X113.909 Y108.437 E10.93604
G1 X113.357 Y108.437 E10.96107
G1 X126.563 Y121.643 E11.80872
G1 X126.563 Y122.194 E11.83375
G1 X112.806 Y108.437 E12.71679
G1 X112.255 Y108.437 E12.74182
G1 X126.563 Y122.745 E13.66027
G1 X126.563 Y123.297 E13.68529
G1 X111.703 Y108.437 E14.63913
G1 X111.152 Y108.437 E14.66416
G1 X126.563 Y123.848 E15.65339
G1 X126.563 Y124.4 E15.67842
G1 X110.6 Y108.437 E16.70305
G1 X110.049 Y108.437 E16.72808
G1 X126.563 Y124.951 E17.78811
G1 X126.563 Y125.502 E17.81314
G1 X109.498 Y108.437 E18.90856
G1 X108.946 Y108.437 E18.93359
G1 X126.563 Y126.054 E20.0644
G1 X126.563 Y126.563 E20.08749
G1 X126.52 Y126.563 E20.08943
G1 X108.437 Y108.48 E21.25016
G1 X108.437 Y109.032 E21.27519
M73 P89 R3
G1 X125.968 Y126.563 E22.40053
G1 X125.417 Y126.563 E22.42556
G1 X108.437 Y109.583 E23.51549
G1 X108.437 Y110.134 E23.54052
G1 X124.866 Y126.563 E24.59507
G1 X124.314 Y126.563 E24.62009
G1 X108.437 Y110.686 E25.63924
G1 X108.437 Y111.237 E25.66427
G1 X123.763 Y126.563 E26.64802
G1 X123.211 Y126.563 E26.67305
G1 X108.437 Y111.789 E27.62141
G1 X108.437 Y112.34 E27.64643
G1 X122.66 Y126.563 E28.55939
G1 X122.109 Y126.563 E28.58442
G1 X108.437 Y112.891 E29.46199
G1 X108.437 Y113.443 E29.48701
G1 X121.557 Y126.563 E30.32918
G1 X121.006 Y126.563 E30.35421
G1 X108.437 Y113.994 E31.16098
G1 X108.437 Y114.546 E31.18601
G1 X120.454 Y126.563 E31.95739
G1 X119.903 Y126.563 E31.98241
G1 X108.437 Y115.097 E32.71839
G1 X108.437 Y115.649 E32.74342
G1 X119.351 Y126.563 E33.44401
G1 X118.8 Y126.563 E33.46904
G1 X108.437 Y116.2 E34.13422
G1 X108.437 Y116.751 E34.15925
G1 X118.249 Y126.563 E34.78904
G1 X117.697 Y126.563 E34.81407
G1 X108.437 Y117.303 E35.40847
G1 X108.437 Y117.854 E35.4335
G1 X117.146 Y126.563 E35.9925
G1 X116.594 Y126.563 E36.01753
M73 P90 R3
G1 X108.437 Y118.406 E36.54113
G1 X108.437 Y118.957 E36.56616
G1 X116.043 Y126.563 E37.05437
G1 X115.492 Y126.563 E37.0794
G1 X108.437 Y119.508 E37.53221
G1 X108.437 Y120.06 E37.55724
G1 X114.94 Y126.563 E37.97466
G1 X114.389 Y126.563 E37.99968
G1 X108.437 Y120.611 E38.3817
G1 X108.437 Y121.163 E38.40673
G1 X113.837 Y126.563 E38.75336
G1 X113.286 Y126.563 E38.77839
G1 X108.437 Y121.714 E39.08962
G1 X108.437 Y122.266 E39.11464
G1 X112.734 Y126.563 E39.39048
G1 X112.183 Y126.563 E39.41551
G1 X108.437 Y122.817 E39.65594
G1 X108.437 Y123.368 E39.68097
G1 X111.632 Y126.563 E39.88601
G1 X111.08 Y126.563 E39.91104
M73 P90 R2
G1 X108.437 Y123.92 E40.08069
G1 X108.437 Y124.471 E40.10572
G1 X110.529 Y126.563 E40.23997
G1 X109.977 Y126.563 E40.26499
G1 X108.437 Y125.023 E40.36385
G1 X108.437 Y125.574 E40.38888
G1 X109.601 Y126.738 E40.4636
G1 X108.548 Y126.435 F9000
;WIDTH:0.430407
G1 F1157.307
G1 X108.479 Y126.475 E40.46705
G1 X108.551 Y126.51 E40.47052
G1 X126.394 Y109.517 F9000
;WIDTH:0.593246
G1 F803.837
G1 X126.394 Y108.606 E40.52701
G1 X125.483 Y108.606 E40.5835
G1 X126.365 Y109.488 E40.6609
; stop printing object test_cube.stl id:0 copy 0
M106 S63
;LAYER_CHANGE
;Z:19.52
;HEIGHT:0.280001
;_SET_FAN_SPEED_CHANGING_LAYER
; printing object test_cube.stl id:0 copy 0
G1 E39.8609 F1800
G92 E0
G1 X126.58 Y117.118 Z19.92 F9000
G1 X126.855 Y126.855 Z19.92
G1 Z19.52
G1 E.8 F1800
;TYPE:Inner wall
;WIDTH:0.45
G1 F1099.152
G1 X108.145 Y126.855 E1.64925
G1 X108.145 Y108.145 E2.49849
G1 X126.855 Y108.145 E3.34774
G1 X126.855 Y126.815 E4.19517
G1 X127.275 Y127.275 F9000
;TYPE:Outer wall
G1 F1099.152
G1 X107.725 Y127.275 E5.08254
G1 X107.725 Y107.725 E5.96991
G1 X127.275 Y107.725 E6.85728
G1 X127.275 Y127.235 E7.74283
G1 X125.483 Y126.394 F9000
;TYPE:Internal solid infill
;WIDTH:0.593246
G1 F803.837
G1 X126.394 Y126.394 E7.79932
G1 X126.394 Y125.483 E7.85581
G1 X125.512 Y126.365 E7.93321
G1 X124.762 Y126.738 F9000
;WIDTH:0.45
G1 F1099.152
G1 X126.563 Y124.937 E8.04881
G1 X126.563 Y124.386 E8.07384
G1 X124.386 Y126.563 E8.21357
G1 X123.834 Y126.563 E8.2386
G1 X126.563 Y123.834 E8.41373
G1 X126.563 Y123.283 E8.43876
G1 X123.283 Y126.563 E8.64928
G1 X122.732 Y126.563 E8.67431
G1 X126.563 Y122.732 E8.92023
G1 X126.563 Y122.18 E8.94526
G1 X122.18 Y126.563 E9.22658
G1 X121.629 Y126.563 E9.2516
G1 X126.563 Y121.629 E9.56832
G1 X126.563 Y121.077 E9.59334
G1 X121.077 Y126.563 E9.94545
G1 X120.526 Y126.563 E9.97048
G1 X126.563 Y120.526 E10.35798
G1 X126.563 Y119.974 E10.38301
M73 P91 R2
G1 X119.974 Y126.563 E10.80591
G1 X119.423 Y126.563 E10.83094
G1 X126.563 Y119.423 E11.28924
G1 X126.563 Y118.872 E11.31427
G1 X118.872 Y126.563 E11.80796
G1 X118.32 Y126.563 E11.83299
G1 X126.563 Y118.32 E12.36207
G1 X126.563 Y117.769 E12.3871
G1 X117.769 Y126.563 E12.95158
G1 X117.217 Y126.563 E12.97661
G1 X126.563 Y117.217 E13.57649
G1 X126.563 Y116.666 E13.60152
G1 X116.666 Y126.563 E14.2368
G1 X116.115 Y126.563 E14.26182
G1 X126.563 Y116.115 E14.9325
G1 X126.563 Y115.563 E14.95752
G1 X115.563 Y126.563 E15.66359
G1 X115.012 Y126.563 E15.68862
G1 X126.563 Y115.012 E16.43008
G1 X126.563 Y114.46 E16.45511
G1 X114.46 Y126.563 E17.23197
G1 X113.909 Y126.563 E17.257
G1 X126.563 Y113.909 E18.06925
G1 X126.563 Y113.357 E18.09428
G1 X113.357 Y126.563 E18.94193
G1 X112.806 Y126.563 E18.96696
G1 X126.563 Y112.806 E19.85001
G1 X126.563 Y112.255 E19.87503
G1 X112.255 Y126.563 E20.79348
G1 X111.703 Y126.563 E20.81851
G1 X126.563 Y111.703 E21.77234
G1 X126.563 Y111.152 E21.79737
G1 X111.152 Y126.563 E22.78661
G1 X110.6 Y126.563 E22.81164
G1 X126.563 Y110.6 E23.83626
G1 X126.563 Y110.049 E23.86129
G1 X110.049 Y126.563 E24.92132
G1 X109.498 Y126.563 E24.94635
G1 X126.563 Y109.498 E26.04177
G1 X126.563 Y108.946 E26.0668
M73 P92 R2
G1 X108.946 Y126.563 E27.19762
G1 X108.437 Y126.563 E27.22071
G1 X108.437 Y126.52 E27.22264
G1 X126.52 Y108.437 E28.38338
G1 X125.968 Y108.437 E28.4084
G1 X108.437 Y125.968 E29.53374
G1 X108.437 Y125.417 E29.55877
G1 X125.417 Y108.437 E30.64871
G1 X124.866 Y108.437 E30.67373
G1 X108.437 Y124.866 E31.72828
G1 X108.437 Y124.314 E31.75331
G1 X124.314 Y108.437 E32.77245
G1 X123.763 Y108.437 E32.79748
G1 X108.437 Y123.763 E33.78123
G1 X108.437 Y123.211 E33.80626
G1 X123.211 Y108.437 E34.75462
G1 X122.66 Y108.437 E34.77965
G1 X108.437 Y122.66 E35.69261
G1 X108.437 Y122.109 E35.71763
G1 X122.109 Y108.437 E36.5952
G1 X121.557 Y108.437 E36.62023
G1 X108.437 Y121.557 E37.46239
G1 X108.437 Y121.006 E37.48742
G1 X121.006 Y108.437 E38.29419
G1 X120.454 Y108.437 E38.31922
G1 X108.437 Y120.454 E39.0906
G1 X108.437 Y119.903 E39.11563
G1 X119.903 Y108.437 E39.85161
G1 X119.351 Y108.437 E39.87664
G1 X108.437 Y119.351 E40.57722
G1 X108.437 Y118.8 E40.60225
G1 X118.8 Y108.437 E41.26744
G1 X118.249 Y108.437 E41.29246
M73 P93 R2
G1 X108.437 Y118.249 E41.92226
G1 X108.437 Y117.697 E41.94728
G1 X117.697 Y108.437 E42.54168
G1 X117.146 Y108.437 E42.56671
G1 X108.437 Y117.146 E43.12571
G1 X108.437 Y116.594 E43.15074
G1 X116.594 Y108.437 E43.67434
G1 X116.043 Y108.437 E43.69937
G1 X108.437 Y116.043 E44.18758
G1 X108.437 Y115.492 E44.21261
G1 X115.492 Y108.437 E44.66542
G1 X114.94 Y108.437 E44.69045
G1 X108.437 Y114.94 E45.10787
G1 X108.437 Y114.389 E45.1329
G1 X114.389 Y108.437 E45.51492
G1 X113.837 Y108.437 E45.53994
G1 X108.437 Y113.837 E45.88657
G1 X108.437 Y113.286 E45.9116
G1 X113.286 Y108.437 E46.22283
G1 X112.734 Y108.437 E46.24786
G1 X108.437 Y112.734 E46.52369
G1 X108.437 Y112.183 E46.54872
G1 X112.183 Y108.437 E46.78915
G1 X111.632 Y108.437 E46.81418
G1 X108.437 Y111.632 E47.01922
G1 X108.437 Y111.08 E47.04425
G1 X111.08 Y108.437 E47.2139
G1 X110.529 Y108.437 E47.23893
G1 X108.437 Y110.529 E47.37318
G1 X108.437 Y109.977 E47.39821
G1 X109.977 Y108.437 E47.49706
G1 X109.426 Y108.437 E47.52209
G1 X108.262 Y109.601 E47.59681
G1 X108.548 Y108.485 F9000
;WIDTH:0.430409
G1 F1157.3
G1 X108.479 Y108.525 E47.60026
G1 X108.551 Y108.56 E47.60373
; stop printing object test_cube.stl id:0 copy 0
M106 S61
;LAYER_CHANGE
;Z:19.8
;HEIGHT:0.279999
;_SET_FAN_SPEED_CHANGING_LAYER
; printing object test_cube.stl id:0 copy 0
G1 E46.80373 F1800
G92 E0
G1 X113.95 Y113.955 Z20.2 F9000
G1 X126.855 Y126.855 Z20.2
G1 Z19.8
G1 E.8 F1800
;TYPE:Inner wall
;WIDTH:0.45
G1 F1099.152
G1 X108.145 Y126.855 E1.64925
G1 X108.145 Y108.145 E2.49849
M73 P93 R1
G1 X126.855 Y108.145 E3.34774
G1 X126.855 Y126.815 E4.19517
G1 X127.275 Y127.275 F9000
;TYPE:Outer wall
G1 F1099.152
G1 X107.725 Y127.275 E5.08254
G1 X107.725 Y107.725 E5.96991
G1 X127.275 Y107.725 E6.85728
G1 X127.275 Y127.235 E7.74283
G1 E6.94283 F1800
G92 E0
G1 X127.034 Y119.606 Z20.2 F9000
G1 X126.738 Y110.238 Z20.2
G1 Z19.8
G1 E.8 F1800
;TYPE:Internal solid infill
G1 F1099.152
G1 X124.937 Y108.437 E.9156
G1 X124.386 Y108.437 E.94063
G1 X126.563 Y110.614 E1.08036
G1 X126.563 Y111.166 E1.10539
G1 X123.834 Y108.437 E1.28052
G1 X123.283 Y108.437 E1.30555
G1 X126.563 Y111.717 E1.51607
M73 P94 R1
G1 X126.563 Y112.268 E1.5411
G1 X122.732 Y108.437 E1.78702
G1 X122.18 Y108.437 E1.81205
G1 X126.563 Y112.82 E2.09336
G1 X126.563 Y113.371 E2.11839
G1 X121.629 Y108.437 E2.4351
G1 X121.077 Y108.437 E2.46013
G1 X126.563 Y113.923 E2.81224
G1 X126.563 Y114.474 E2.83727
G1 X120.526 Y108.437 E3.22477
G1 X119.974 Y108.437 E3.2498
G1 X126.563 Y115.026 E3.6727
G1 X126.563 Y115.577 E3.69773
G1 X119.423 Y108.437 E4.15602
G1 X118.872 Y108.437 E4.18105
G1 X126.563 Y116.128 E4.67474
G1 X126.563 Y116.68 E4.69977
G1 X118.32 Y108.437 E5.22886
G1 X117.769 Y108.437 E5.25389
G1 X126.563 Y117.231 E5.81837
G1 X126.563 Y117.783 E5.8434
G1 X117.217 Y108.437 E6.44328
G1 X116.666 Y108.437 E6.46831
G1 X126.563 Y118.334 E7.10358
G1 X126.563 Y118.885 E7.12861
G1 X116.115 Y108.437 E7.79928
G1 X115.563 Y108.437 E7.82431
G1 X126.563 Y119.437 E8.53038
G1 X126.563 Y119.988 E8.55541
G1 X115.012 Y108.437 E9.29687
G1 X114.46 Y108.437 E9.3219
G1 X126.563 Y120.54 E10.09876
G1 X126.563 Y121.091 E10.12379
G1 X113.909 Y108.437 E10.93604
G1 X113.357 Y108.437 E10.96107
G1 X126.563 Y121.643 E11.80872
G1 X126.563 Y122.194 E11.83375
G1 X112.806 Y108.437 E12.71679
G1 X112.255 Y108.437 E12.74182
G1 X126.563 Y122.745 E13.66027
G1 X126.563 Y123.297 E13.68529
G1 X111.703 Y108.437 E14.63913
G1 X111.152 Y108.437 E14.66416
G1 X126.563 Y123.848 E15.65339
G1 X126.563 Y124.4 E15.67842
G1 X110.6 Y108.437 E16.70305
G1 X110.049 Y108.437 E16.72808
M73 P95 R1
G1 X126.563 Y124.951 E17.78811
G1 X126.563 Y125.502 E17.81314
G1 X109.498 Y108.437 E18.90856
G1 X108.946 Y108.437 E18.93359
G1 X126.563 Y126.054 E20.0644
G1 X126.563 Y126.563 E20.08749
G1 X126.52 Y126.563 E20.08943
G1 X108.437 Y108.48 E21.25016
G1 X108.437 Y109.032 E21.27519
G1 X125.968 Y126.563 E22.40053
G1 X125.417 Y126.563 E22.42556
G1 X108.437 Y109.583 E23.51549
G1 X108.437 Y110.134 E23.54052
G1 X124.866 Y126.563 E24.59507
G1 X124.314 Y126.563 E24.62009
G1 X108.437 Y110.686 E25.63924
G1 X108.437 Y111.237 E25.66427
G1 X123.763 Y126.563 E26.64802
G1 X123.211 Y126.563 E26.67305
G1 X108.437 Y111.789 E27.62141
G1 X108.437 Y112.34 E27.64643
G1 X122.66 Y126.563 E28.55939
G1 X122.109 Y126.563 E28.58442
G1 X108.437 Y112.891 E29.46199
G1 X108.437 Y113.443 E29.48701
G1 X121.557 Y126.563 E30.32918
G1 X121.006 Y126.563 E30.35421
G1 X108.437 Y113.994 E31.16098
G1 X108.437 Y114.546 E31.18601
G1 X120.454 Y126.563 E31.95739
G1 X119.903 Y126.563 E31.98241
M73 P96 R1
G1 X108.437 Y115.097 E32.71839
G1 X108.437 Y115.649 E32.74342
G1 X119.351 Y126.563 E33.44401
G1 X118.8 Y126.563 E33.46904
G1 X108.437 Y116.2 E34.13422
G1 X108.437 Y116.751 E34.15925
G1 X118.249 Y126.563 E34.78904
G1 X117.697 Y126.563 E34.81407
G1 X108.437 Y117.303 E35.40847
G1 X108.437 Y117.854 E35.4335
G1 X117.146 Y126.563 E35.9925
G1 X116.594 Y126.563 E36.01753
G1 X108.437 Y118.406 E36.54113
G1 X108.437 Y118.957 E36.56616
G1 X116.043 Y126.563 E37.05437
G1 X115.492 Y126.563 E37.0794
G1 X108.437 Y119.508 E37.53221
G1 X108.437 Y120.06 E37.55724
G1 X114.94 Y126.563 E37.97466
G1 X114.389 Y126.563 E37.99968
G1 X108.437 Y120.611 E38.3817
G1 X108.437 Y121.163 E38.40673
G1 X113.837 Y126.563 E38.75336
G1 X113.286 Y126.563 E38.77839
G1 X108.437 Y121.714 E39.08962
G1 X108.437 Y122.266 E39.11464
G1 X112.734 Y126.563 E39.39048
G1 X112.183 Y126.563 E39.41551
G1 X108.437 Y122.817 E39.65594
G1 X108.437 Y123.368 E39.68097
G1 X111.632 Y126.563 E39.88601
G1 X111.08 Y126.563 E39.91104
G1 X108.437 Y123.92 E40.08069
G1 X108.437 Y124.471 E40.10572
G1 X110.529 Y126.563 E40.23997
G1 X109.977 Y126.563 E40.26499
G1 X108.437 Y125.023 E40.36385
G1 X108.437 Y125.574 E40.38888
G1 X109.601 Y126.738 E40.4636
G1 X108.548 Y126.435 F9000
;WIDTH:0.430407
G1 F1157.307
G1 X108.479 Y126.475 E40.46705
G1 X108.551 Y126.51 E40.47052
G1 X126.394 Y109.517 F9000
;WIDTH:0.593246
G1 F803.837
G1 X126.394 Y108.606 E40.52701
G1 X125.483 Y108.606 E40.5835
G1 X126.365 Y109.488 E40.6609
; stop printing object test_cube.stl id:0 copy 0
M106 S63
;LAYER_CHANGE
;Z:20.08
;HEIGHT:0.280001
;_SET_FAN_SPEED_CHANGING_LAYER
; printing object test_cube.stl id:0 copy 0
G1 E39.8609 F1800
G92 E0
G1 X126.58 Y117.118 Z20.48 F9000
G1 X126.855 Y126.855 Z20.48
G1 Z20.08
G1 E.8 F1800
;TYPE:Inner wall
;WIDTH:0.45
G1 F1099.152
G1 X108.145 Y126.855 E1.64925
G1 X108.145 Y108.145 E2.49849
G1 X126.855 Y108.145 E3.34774
G1 X126.855 Y126.815 E4.19517
M73 P96 R0
G1 X127.275 Y127.275 F9000
;TYPE:Outer wall
G1 F1099.152
G1 X107.725 Y127.275 E5.08254
G1 X107.725 Y107.725 E5.96991
G1 X127.275 Y107.725 E6.85728
G1 X127.275 Y127.235 E7.74283
M73 P97 R0
G1 X126.741 Y126.053 F9000
;TYPE:Top surface
;WIDTH:0.400145
G1 F1260.297
G1 X126.053 Y126.741 E7.78131
G1 X125.572 Y126.741 F9000
G1 F1260.297
G1 X126.741 Y125.572 E7.84672
G1 X126.741 Y125.091 F9000
G1 F1260.297
G1 X125.091 Y126.741 E7.93905
G1 X124.61 Y126.741 F9000
G1 F1260.297
G1 X126.741 Y124.61 E8.05831
G1 X126.741 Y124.129 F9000
G1 F1260.297
G1 X124.129 Y126.741 E8.20449
G1 X123.649 Y126.741 F9000
G1 F1260.297
G1 X126.741 Y123.649 E8.37759
G1 X126.741 Y123.168 F9000
G1 F1260.297
G1 X123.168 Y126.741 E8.57761
G1 X122.687 Y126.741 F9000
G1 F1260.297
G1 X126.741 Y122.687 E8.80456
G1 X126.741 Y122.206 F9000
G1 F1260.297
G1 X122.206 Y126.741 E9.05843
G1 X121.725 Y126.741 F9000
G1 F1260.297
G1 X126.741 Y121.725 E9.33922
G1 X126.741 Y121.244 F9000
G1 F1260.297
G1 X121.244 Y126.741 E9.64693
G1 X120.763 Y126.741 F9000
G1 F1260.297
G1 X126.741 Y120.763 E9.98157
G1 X126.741 Y120.282 F9000
G1 F1260.297
G1 X120.282 Y126.741 E10.34313
G1 X119.801 Y126.741 F9000
G1 F1260.297
G1 X126.741 Y119.801 E10.73162
G1 X126.741 Y119.32 F9000
G1 F1260.297
G1 X119.32 Y126.741 E11.14702
G1 X118.839 Y126.741 F9000
G1 F1260.297
G1 X126.741 Y118.839 E11.58935
G1 X126.741 Y118.359 F9000
G1 F1260.297
G1 X118.359 Y126.741 E12.05861
G1 X117.878 Y126.741 F9000
G1 F1260.297
G1 X126.741 Y117.878 E12.55478
G1 X126.741 Y117.397 F9000
G1 F1260.297
G1 X117.397 Y126.741 E13.07788
G1 X116.916 Y126.741 F9000
G1 F1260.297
G1 X126.741 Y116.916 E13.6279
G1 X126.741 Y116.435 F9000
G1 F1260.297
G1 X116.435 Y126.741 E14.20485
G1 X115.954 Y126.741 F9000
G1 F1260.297
G1 X126.741 Y115.954 E14.80872
G1 X126.741 Y115.473 F9000
G1 F1260.297
G1 X115.473 Y126.741 E15.43951
G1 X114.992 Y126.741 F9000
G1 F1260.297
G1 X126.741 Y114.992 E16.09722
G1 X126.741 Y114.511 F9000
G1 F1260.297
G1 X114.511 Y126.741 E16.78186
G1 X114.03 Y126.741 F9000
G1 F1260.297
G1 X126.741 Y114.03 E17.49342
G1 X126.741 Y113.549 F9000
G1 F1260.297
G1 X113.549 Y126.741 E18.2319
G1 X113.069 Y126.741 F9000
G1 F1260.297
G1 X126.741 Y113.069 E18.99731
G1 X126.741 Y112.588 F9000
G1 F1260.297
G1 X112.588 Y126.741 E19.78964
G1 X112.107 Y126.741 F9000
G1 F1260.297
G1 X126.741 Y112.107 E20.60889
G1 X126.741 Y111.626 F9000
G1 F1260.297
G1 X111.626 Y126.741 E21.45506
G1 X111.145 Y126.741 F9000
M73 P98 R0
G1 F1260.297
G1 X126.741 Y111.145 E22.32816
G1 X126.741 Y110.664 F9000
G1 F1260.297
G1 X110.664 Y126.741 E23.22818
G1 X110.183 Y126.741 F9000
G1 F1260.297
G1 X126.741 Y110.183 E24.15512
G1 X126.741 Y109.702 F9000
G1 F1260.297
G1 X109.702 Y126.741 E25.10899
G1 X109.221 Y126.741 F9000
G1 F1260.297
G1 X126.741 Y109.221 E26.08978
G1 X126.741 Y108.74 F9000
G1 F1260.297
G1 X108.74 Y126.741 E27.09749
G1 X108.259 Y126.741 F9000
G1 F1260.297
G1 X126.741 Y108.259 E28.13212
G1 X126.26 Y108.259 F9000
G1 F1260.297
G1 X108.259 Y126.26 E29.13983
G1 X108.259 Y125.779 F9000
G1 F1260.297
G1 X125.779 Y108.259 E30.12062
G1 X125.298 Y108.259 F9000
G1 F1260.297
G1 X108.259 Y125.298 E31.07448
G1 X108.259 Y124.817 F9000
G1 F1260.297
G1 X124.817 Y108.259 E32.00142
G1 X124.336 Y108.259 F9000
G1 F1260.297
G1 X108.259 Y124.336 E32.90143
G1 X108.259 Y123.855 F9000
G1 F1260.297
G1 X123.855 Y108.259 E33.77453
G1 X123.374 Y108.259 F9000
G1 F1260.297
G1 X108.259 Y123.374 E34.6207
G1 X108.259 Y122.893 F9000
G1 F1260.297
G1 X122.893 Y108.259 E35.43994
G1 X122.412 Y108.259 F9000
G1 F1260.297
G1 X108.259 Y122.412 E36.23227
G1 X108.259 Y121.931 F9000
M73 P99 R0
G1 F1260.297
G1 X121.931 Y108.259 E36.99767
G1 X121.451 Y108.259 F9000
G1 F1260.297
G1 X108.259 Y121.451 E37.73615
G1 X108.259 Y120.97 F9000
G1 F1260.297
G1 X120.97 Y108.259 E38.4477
G1 X120.489 Y108.259 F9000
G1 F1260.297
G1 X108.259 Y120.489 E39.13233
G1 X108.259 Y120.008 F9000
G1 F1260.297
G1 X120.008 Y108.259 E39.79004
G1 X119.527 Y108.259 F9000
G1 F1260.297
G1 X108.259 Y119.527 E40.42083
G1 X108.259 Y119.046 F9000
G1 F1260.297
G1 X119.046 Y108.259 E41.02469
G1 X118.565 Y108.259 F9000
G1 F1260.297
G1 X108.259 Y118.565 E41.60163
G1 X108.259 Y118.084 F9000
G1 F1260.297
G1 X118.084 Y108.259 E42.15165
G1 X117.603 Y108.259 F9000
G1 F1260.297
G1 X108.259 Y117.603 E42.67475
G1 X108.259 Y117.122 F9000
G1 F1260.297
G1 X117.122 Y108.259 E43.17092
G1 X116.641 Y108.259 F9000
G1 F1260.297
G1 X108.259 Y116.641 E43.64017
G1 X108.259 Y116.16 F9000
G1 F1260.297
G1 X116.16 Y108.259 E44.08249
G1 X115.68 Y108.259 F9000
G1 F1260.297
G1 X108.259 Y115.68 E44.4979
G1 X108.259 Y115.199 F9000
G1 F1260.297
G1 X115.199 Y108.259 E44.88638
G1 X114.718 Y108.259 F9000
G1 F1260.297
G1 X108.259 Y114.718 E45.24793
G1 X108.259 Y114.237 F9000
G1 F1260.297
G1 X114.237 Y108.259 E45.58257
G1 X113.756 Y108.259 F9000
G1 F1260.297
G1 X108.259 Y113.756 E45.89028
G1 X108.259 Y113.275 F9000
G1 F1260.297
G1 X113.275 Y108.259 E46.17106
G1 X112.794 Y108.259 F9000
G1 F1260.297
G1 X108.259 Y112.794 E46.42493
G1 X108.259 Y112.313 F9000
G1 F1260.297
G1 X112.313 Y108.259 E46.65187
G1 X111.832 Y108.259 F9000
G1 F1260.297
G1 X108.259 Y111.832 E46.85189
G1 X108.259 Y111.351 F9000
G1 F1260.297
G1 X111.351 Y108.259 E47.02499
G1 X110.87 Y108.259 F9000
G1 F1260.297
G1 X108.259 Y110.87 E47.17116
G1 X108.259 Y110.39 F9000
G1 F1260.297
G1 X110.39 Y108.259 E47.29041
G1 X109.909 Y108.259 F9000
G1 F1260.297
G1 X108.259 Y109.909 E47.38274
G1 X108.259 Y109.428 F9000
G1 F1260.297
G1 X109.428 Y108.259 E47.44814
G1 X108.947 Y108.259 F9000
G1 F1260.297
G1 X108.259 Y108.947 E47.48662
; stop printing object test_cube.stl id:0 copy 0
G1 E46.68662 F1800
G92 E0
M106 S0
;TYPE:Custom
M104 S0
M140 S0
M106 S0
G91
G1 E-2 F2700
G1 Z10 F3000
G90
G1 X5 Y200 F3000
M84
M73 P100 R0
; EXECUTABLE_BLOCK_END

; filament used [mm] = 1466.42
; filament used [cm3] = 3.53
; total filament used [g] = 0.00
; total filament cost = 0.00
; total layers count = 72
; estimated printing time (normal mode) = 30m 44s
; estimated first layer printing time (normal mode) = 13s

; CONFIG_BLOCK_START
; accel_to_decel_enable = 1
; accel_to_decel_factor = 50%
; activate_air_filtration = 0
; activate_air_filtration_during_print = 1
; activate_air_filtration_on_completion = 1
; activate_chamber_temp_control = 0
; adaptive_bed_mesh_margin = 0
; adaptive_pressure_advance = 0
; adaptive_pressure_advance_bridges = 0
; adaptive_pressure_advance_model = "0,0,0\n0,0,0"
; adaptive_pressure_advance_overhangs = 0
; additional_cooling_fan_speed = 0
; additional_fan_full_speed_layer = 0
; align_infill_direction_to_model = 0
; alternate_extra_wall = 0
; auxiliary_fan = 0
; bbl_calib_mark_logo = 1
; bed_custom_model = 
; bed_custom_texture = 
; bed_exclude_area = 0x0
; bed_mesh_max = 99999,99999
; bed_mesh_min = -99999,-99999
; bed_mesh_probe_distance = 50,50
; bed_temperature_formula = by_highest_temp
; before_layer_change_gcode = 
; best_object_pos = 0.5,0.5
; bottom_shell_layers = 5
; bottom_shell_thickness = 0
; bottom_solid_infill_flow_ratio = 1
; bottom_surface_density = 100%
; bottom_surface_filament_id = 0
; bottom_surface_pattern = monotonic
; bridge_acceleration = 50%
; bridge_angle = 0
; bridge_density = 100%
; bridge_flow = 0.95
; bridge_line_width = 100%
; bridge_no_support = 0
; bridge_speed = 25
; brim_ears_detection_length = 1
; brim_ears_max_angle = 125
; brim_flow_ratio = 1
; brim_object_gap = 0.1
; brim_type = outer_only
; brim_use_efc_outline = 0
; brim_width = 5
; calib_flowrate_topinfill_special_order = 0
; chamber_temperature = 0
; change_extrusion_role_gcode = 
; change_filament_gcode = 
; close_additional_fan_first_x_layers = 1
; close_fan_the_first_x_layers = 1
; combine_brims = 0
; compatible_printers_condition = 
; complete_print_exhaust_fan_speed = 80
; cool_plate_temp = 60
; cool_plate_temp_initial_layer = 60
; cooling_tube_length = 5
; cooling_tube_retraction = 91.5
; counterbore_hole_bridging = none
; curr_bed_type = Cool Plate
; default_acceleration = 0
; default_filament_colour = ""
; default_jerk = 0
; default_junction_deviation = 0
; deretraction_speed = 0
; detect_narrow_internal_solid_infill = 1
; detect_overhang_wall = 1
; detect_thin_wall = 1
; different_settings_to_system = ;;
; disable_m73 = 0
; dont_filter_internal_bridges = disabled
; dont_slow_down_outer_wall = 0
; draft_shield = disabled
; during_print_exhaust_fan_speed = 60
; elefant_foot_compensation = 0.1
; elefant_foot_compensation_layers = 1
; elefant_foot_layers_density = 100%
; emit_machine_limits_to_gcode = 1
; enable_arc_fitting = 0
; enable_extra_bridge_layer = disabled
; enable_filament_ramming = 1
; enable_long_retraction_when_cut = 0
; enable_overhang_bridge_fan = 1
; enable_overhang_speed = 1
; enable_power_loss_recovery = printer_configuration
; enable_pressure_advance = 0
; enable_prime_tower = 0
; enable_support = 0
; enable_tower_interface_cooldown_during_tower = 0
; enable_tower_interface_features = 0
; enable_wrapping_detection = 0
; enforce_support_layers = 0
; eng_plate_temp = 60
; eng_plate_temp_initial_layer = 60
; ensure_vertical_shell_thickness = ensure_all
; exclude_object = 0
; extra_loading_move = -2
; extra_perimeters_on_overhangs = 0
; extra_solid_infills = 
; extruder_ams_count = 
; extruder_clearance_height_to_lid = 120
; extruder_clearance_height_to_rod = 40
; extruder_clearance_radius = 40
; extruder_colour = #F2754E
; extruder_offset = 0x0
; extruder_printable_area = 
; extruder_printable_height = 0
; extruder_type = Direct Drive
; extrusion_rate_smoothing_external_perimeter_only = 0
; fan_cooling_layer_time = 60
; fan_kickstart = 0
; fan_max_speed = 100
; fan_min_speed = 20
; fan_speedup_overhangs = 1
; fan_speedup_time = 0
; filament_adaptive_volumetric_speed = 0
; filament_adhesiveness_category = 0
; filament_change_extrusion_role_gcode = ""
; filament_change_length = 10
; filament_colour = #F2754E
; filament_cooling_before_tower = 10
; filament_cooling_final_speed = 3.4
; filament_cooling_initial_speed = 2.2
; filament_cooling_moves = 4
; filament_cost = 0
; filament_density = 0
; filament_diameter = 1.75
; filament_end_gcode = " "
; filament_extruder_variant = "Direct Drive Standard"
; filament_flow_ratio = 1
; filament_flush_temp = 0
; filament_flush_volumetric_speed = 0
; filament_ids = ""
; filament_is_support = 0
; filament_loading_speed = 28
; filament_loading_speed_start = 3
; filament_map = 1
; filament_map_mode = Auto For Flush
; filament_max_volumetric_speed = 2
; filament_minimal_purge_on_wipe_tower = 15
; filament_multitool_ramming = 0
; filament_multitool_ramming_flow = 10
; filament_multitool_ramming_volume = 10
; filament_notes = ""
; filament_printable = 3
; filament_ramming_parameters = "120 100 6.6 6.8 7.2 7.6 7.9 8.2 8.7 9.4 9.9 10.0| 0.05 6.6 0.45 6.8 0.95 7.8 1.45 8.3 1.95 9.7 2.45 10 2.95 7.6 3.45 7.6 3.95 7.6 4.45 7.6 4.95 7.6"
; filament_self_index = 1
; filament_settings_id = "Silk PLA (Foundry)"
; filament_shrink = 100%
; filament_shrinkage_compensation_z = 100%
; filament_soluble = 0
; filament_stamping_distance = 0
; filament_stamping_loading_speed = 0
; filament_start_gcode = " "
; filament_toolchange_delay = 0
; filament_tower_interface_pre_extrusion_dist = 10
; filament_tower_interface_pre_extrusion_length = 0
; filament_tower_interface_print_temp = -1
; filament_tower_interface_purge_volume = 20
; filament_tower_ironing_area = 4
; filament_type = PLA
; filament_unloading_speed = 90
; filament_unloading_speed_start = 100
; filament_vendor = (Undefined)
; file_start_gcode = 
; filename_format = {input_filename_base}_{filament_type[initial_tool]}_{print_time}.gcode
; fill_multiline = 1
; filter_out_gap_fill = 0
; first_layer_flow_ratio = 1
; first_layer_print_sequence = 0
; first_x_layer_fan_speed = 0
; flush_into_infill = 0
; flush_into_objects = 0
; flush_into_support = 1
; flush_multiplier = 0.3
; flush_volumes_matrix = 0,280,280,280,280,0,280,280,280,280,0,280,280,280,280,0
; flush_volumes_vector = 140,140,140,140,140,140,140,140
; full_fan_speed_layer = 0
; fuzzy_skin = disabled_fuzzy
; fuzzy_skin_first_layer = 0
; fuzzy_skin_layers_between_ripple_offset = 1
; fuzzy_skin_mode = displacement
; fuzzy_skin_noise_type = classic
; fuzzy_skin_octaves = 4
; fuzzy_skin_persistence = 0.5
; fuzzy_skin_point_distance = 0.3
; fuzzy_skin_ripple_offset = 50%
; fuzzy_skin_ripples_per_layer = 15
; fuzzy_skin_scale = 1
; fuzzy_skin_thickness = 0.2
; gap_fill_flow_ratio = 1
; gap_fill_target = nowhere
; gap_infill_speed = 30
; gcode_add_line_number = 0
; gcode_comments = 0
; gcode_flavor = klipper
; gcode_label_objects = 1
; grab_length = 0
; gyroid_optimized = 0
; has_scarf_joint_seam = 0
; head_wrap_detect_zone = 
; high_current_on_filament_swap = 0
; hole_to_polyhole = 0
; hole_to_polyhole_threshold = 0.01
; hole_to_polyhole_twisted = 1
; hot_plate_temp = 60
; hot_plate_temp_initial_layer = 60
; idle_temperature = 0
; independent_support_layer_height = 1
; infill_anchor = 400%
; infill_anchor_max = 20
; infill_combination = 0
; infill_combination_max_layer_height = 100%
; infill_direction = 45
; infill_jerk = 9
; infill_lock_depth = 1
; infill_overhang_angle = 60
; infill_shift_step = 0.4
; infill_wall_overlap = 25%
; inherits_group = fdm_process_creality_common;"Generic PLA @System";"Creality Ender-3 0.4 nozzle"
; initial_layer_acceleration = 0
; initial_layer_infill_speed = 35
; initial_layer_jerk = 9
; initial_layer_line_width = 0.42
; initial_layer_min_bead_width = 85%
; initial_layer_print_height = 0.2
; initial_layer_speed = 30
; initial_layer_travel_acceleration = 100%
; initial_layer_travel_jerk = 100%
; initial_layer_travel_speed = 100%
; inner_wall_acceleration = 0
; inner_wall_filament_id = 0
; inner_wall_flow_ratio = 1
; inner_wall_jerk = 9
; inner_wall_line_width = 0.45
; inner_wall_speed = 40
; input_shaping_damp_x = 0.1
; input_shaping_damp_y = 0.1
; input_shaping_emit = 0
; input_shaping_freq_x = 0
; input_shaping_freq_y = 0
; input_shaping_type = Default
; interface_shells = 0
; interlocking_beam = 0
; interlocking_beam_layer_count = 2
; interlocking_beam_width = 0.8
; interlocking_boundary_avoidance = 2
; interlocking_depth = 2
; interlocking_orientation = 22.5
; internal_bridge_angle = 0
; internal_bridge_density = 100%
; internal_bridge_fan_speed = -1
; internal_bridge_flow = 1
; internal_bridge_speed = 150%
; internal_solid_filament_id = 0
; internal_solid_infill_acceleration = 100%
; internal_solid_infill_flow_ratio = 1
; internal_solid_infill_line_width = 0
; internal_solid_infill_pattern = monotonic
; internal_solid_infill_speed = 50
; ironing_angle = 0
; ironing_angle_fixed = 0
; ironing_fan_speed = -1
; ironing_flow = 15%
; ironing_inset = 0
; ironing_pattern = rectilinear
; ironing_spacing = 0.1
; ironing_speed = 15
; ironing_type = no ironing
; is_infill_first = 0
; lateral_lattice_angle_1 = -45
; lateral_lattice_angle_2 = 45
; layer_change_gcode = 
; layer_height = 0.28
; lightning_overhang_angle = 45
; lightning_prune_angle = 45
; lightning_straightening_angle = 45
; line_width = 0.45
; long_retractions_when_cut = 0
; long_retractions_when_ec = 0
; machine_end_gcode = M104 S0\nM140 S0\nM106 S0\nG91\nG1 E-2 F2700\nG1 Z10 F3000\nG90\nG1 X5 Y200 F3000\nM84
; machine_load_filament_time = 0
; machine_max_acceleration_e = 5000,5000
; machine_max_acceleration_extruding = 1500,1250
; machine_max_acceleration_retracting = 1500,1250
; machine_max_acceleration_travel = 0,0
; machine_max_acceleration_x = 1000,1000
; machine_max_acceleration_y = 1000,1000
; machine_max_acceleration_z = 500,200
; machine_max_jerk_e = 2.5,2.5
; machine_max_jerk_x = 10,10
; machine_max_jerk_y = 10,10
; machine_max_jerk_z = 0.2,0.4
; machine_max_junction_deviation = 0.01
; machine_max_speed_e = 120,120
; machine_max_speed_x = 500,200
; machine_max_speed_y = 500,200
; machine_max_speed_z = 12,12
; machine_min_extruding_rate = 0,0
; machine_min_travel_rate = 0,0
; machine_pause_gcode = 
; machine_start_gcode = M104 S[nozzle_temperature_initial_layer] ; start nozzle heat\nM140 S[bed_temperature_initial_layer_single] ; start bed heat\nM190 S[bed_temperature_initial_layer_single] ; wait bed\nM109 S[nozzle_temperature_initial_layer] ; wait nozzle\nG90\nM82\nG28\nG92 E0\nG1 Z2.0 F3000\nG1 X2 Y10 Z0.28 F5000\nG92 E0\nG1 Y140 E10 F1500 ; prime line\nG1 X2.3 F5000\nG92 E0\nG1 Y10 E10 F1200 ; prime line\nG92 E0\nG1 Z2.0 F3000
; machine_tool_change_time = 0
; machine_unload_filament_time = 0
; make_overhang_printable = 0
; make_overhang_printable_angle = 55
; make_overhang_printable_hole_size = 0
; manual_filament_change = 0
; master_extruder_id = 1
; max_bridge_length = 10
; max_layer_height = 0
; max_resonance_avoidance_speed = 120
; max_travel_detour_distance = 0
; max_volumetric_extrusion_rate_slope = 0
; max_volumetric_extrusion_rate_slope_segment_length = 3
; min_bead_width = 85%
; min_feature_size = 25%
; min_layer_height = 0.07
; min_length_factor = 0.5
; min_resonance_avoidance_speed = 70
; min_skirt_length = 0
; min_width_top_surface = 300%
; minimum_sparse_infill_area = 10
; mmu_segmented_region_interlocking_depth = 0
; mmu_segmented_region_max_width = 0
; notes = 
; nozzle_diameter = 0.4
; nozzle_flush_dataset = 0
; nozzle_height = 2.5
; nozzle_hrc = 0
; nozzle_temperature = 215
; nozzle_temperature_initial_layer = 215
; nozzle_temperature_range_high = 240
; nozzle_temperature_range_low = 190
; nozzle_type = undefine
; nozzle_volume = 0
; nozzle_volume_type = Standard
; only_one_wall_first_layer = 0
; only_one_wall_top = 0
; ooze_prevention = 0
; other_layers_print_sequence = 0
; other_layers_print_sequence_nums = 0
; outer_wall_acceleration = 500
; outer_wall_filament_id = 0
; outer_wall_flow_ratio = 1
; outer_wall_jerk = 9
; outer_wall_line_width = 0.45
; outer_wall_speed = 40
; overhang_1_4_speed = 0
; overhang_2_4_speed = 20
; overhang_3_4_speed = 15
; overhang_4_4_speed = 10
; overhang_fan_speed = 100
; overhang_fan_threshold = 95%
; overhang_flow_ratio = 1
; overhang_reverse = 0
; overhang_reverse_internal_only = 0
; overhang_reverse_threshold = 50%
; parallel_printheads_bed_exclude_areas = 
; parallel_printheads_count = 1
; parking_pos_retraction = 92
; part_cooling_fan_min_pwm = 0
; physical_extruder_map = 0
; post_process = 
; precise_outer_wall = 1
; precise_z_height = 0
; preferred_orientation = 0
; preheat_steps = 1
; preheat_time = 30
; pressure_advance = 0.02
; prime_tower_brim_width = 3
; prime_tower_enable_framework = 0
; prime_tower_flat_ironing = 0
; prime_tower_infill_gap = 150%
; prime_tower_skip_points = 1
; prime_tower_width = 60
; prime_volume = 45
; print_compatible_printers = "Creality Ender-3 0.4 nozzle"
; print_extruder_id = 1
; print_extruder_variant = "Direct Drive Standard"
; print_flow_ratio = 1
; print_order = default
; print_sequence = by layer
; print_settings_id = Foundry 0.28 Brim
; printable_area = 0x0,235x0,235x235,0x235
; printable_height = 250
; printer_extruder_id = 1
; printer_extruder_variant = "Direct Drive Standard"
; printer_model = 
; printer_notes = 
; printer_settings_id = Ender3 Klipper (Foundry)
; printer_structure = undefine
; printer_technology = FFF
; printing_by_object_gcode = 
; process_change_extrusion_role_gcode = 
; purge_in_prime_tower = 1
; raft_contact_distance = 0.1
; raft_expansion = 1.5
; raft_first_layer_density = 90%
; raft_first_layer_expansion = 2
; raft_layers = 0
; reduce_crossing_wall = 0
; reduce_fan_stop_start_freq = 0
; reduce_infill_retraction = 1
; relative_bridge_angle = 0
; required_nozzle_HRC = 0
; resolution = 0.012
; resonance_avoidance = 0
; retract_before_wipe = 100%
; retract_length_toolchange = 10
; retract_lift_above = 0
; retract_lift_below = 0
; retract_lift_enforce = All Surfaces
; retract_restart_extra = 0
; retract_restart_extra_toolchange = 0
; retract_when_changing_layer = 0
; retraction_distances_when_cut = 18
; retraction_distances_when_ec = 10
; retraction_length = 0.8
; retraction_minimum_travel = 2
; retraction_speed = 30
; role_based_wipe_speed = 1
; scan_first_layer = 0
; scarf_angle_threshold = 155
; scarf_joint_flow_ratio = 1
; scarf_joint_speed = 100%
; scarf_overhang_threshold = 40%
; seam_gap = 10%
; seam_position = aligned
; seam_slope_conditional = 0
; seam_slope_entire_loop = 0
; seam_slope_inner_walls = 0
; seam_slope_min_length = 20
; seam_slope_start_height = 0
; seam_slope_steps = 10
; seam_slope_type = none
; set_other_flow_ratios = 0
; silent_mode = 0
; single_extruder_multi_material = 1
; single_extruder_multi_material_priming = 0
; single_loop_draft_shield = 0
; skeleton_infill_density = 25%
; skeleton_infill_line_width = 100%
; skin_infill_density = 25%
; skin_infill_depth = 2
; skin_infill_line_width = 100%
; skirt_distance = 2
; skirt_height = 2
; skirt_loops = 2
; skirt_speed = 50
; skirt_start_angle = -135
; skirt_type = combined
; slice_closing_radius = 0.049
; slicing_mode = regular
; slow_down_for_layer_cooling = 1
; slow_down_layer_time = 5
; slow_down_layers = 0
; slow_down_min_speed = 10
; slowdown_for_curled_perimeters = 0
; small_area_infill_flow_compensation = 0
; small_area_infill_flow_compensation_model = 0,0;"\n0.2,0.4444";"\n0.4,0.6145";"\n0.6,0.7059";"\n0.8,0.7619";"\n1.5,0.8571";"\n2,0.8889";"\n3,0.9231";"\n5,0.9520";"\n10,1"
; small_perimeter_speed = 50%
; small_perimeter_threshold = 0
; solid_infill_direction = 45
; solid_infill_rotate_template = 
; sparse_infill_acceleration = 100%
; sparse_infill_density = 15%
; sparse_infill_filament_id = 0
; sparse_infill_flow_ratio = 1
; sparse_infill_line_width = 0.45
; sparse_infill_pattern = crosshatch
; sparse_infill_rotate_template = 
; sparse_infill_speed = 60
; spiral_finishing_flow_ratio = 0
; spiral_mode = 0
; spiral_mode_max_xy_smoothing = 200%
; spiral_mode_smooth = 0
; spiral_starting_flow_ratio = 0
; staggered_inner_seams = 0
; standby_temperature_delta = -5
; start_end_points = 30x-3,54x245
; supertack_plate_temp = 60
; supertack_plate_temp_initial_layer = 60
; support_air_filtration = 1
; support_angle = 0
; support_base_pattern = rectilinear
; support_base_pattern_spacing = 0.2
; support_bottom_interface_spacing = 0.5
; support_bottom_z_distance = 0.2
; support_chamber_temp_control = 1
; support_critical_regions_only = 0
; support_expansion = 0
; support_filament = 0
; support_flow_ratio = 1
; support_interface_bottom_layers = -1
; support_interface_filament = 0
; support_interface_flow_ratio = 1
; support_interface_loop_pattern = 0
; support_interface_not_for_body = 1
; support_interface_pattern = auto
; support_interface_spacing = 0.2
; support_interface_speed = 80
; support_interface_top_layers = 3
; support_ironing = 0
; support_ironing_flow = 10%
; support_ironing_pattern = rectilinear
; support_ironing_spacing = 0.1
; support_line_width = 0.38
; support_material_interface_fan_speed = -1
; support_multi_bed_types = 0
; support_object_first_layer_gap = 0.2
; support_object_skip_flush = 0
; support_object_xy_distance = 0.35
; support_on_build_plate_only = 0
; support_parallel_printheads = 0
; support_remove_small_overhang = 1
; support_speed = 40
; support_style = grid
; support_threshold_angle = 30
; support_threshold_overlap = 50%
; support_top_z_distance = 0.15
; support_type = normal(auto)
; symmetric_infill_y_axis = 0
; temperature_vitrification = 100
; template_custom_gcode = 
; textured_cool_plate_temp = 40
; textured_cool_plate_temp_initial_layer = 40
; textured_plate_temp = 60
; textured_plate_temp_initial_layer = 60
; thick_bridges = 0
; thick_internal_bridges = 1
; thumbnails = 48x48/PNG,300x300/PNG
; time_cost = 0
; time_lapse_gcode = 
; timelapse_type = 0
; tool_change_on_wipe_tower = 0
; top_bottom_infill_wall_overlap = 25%
; top_shell_layers = 7
; top_shell_thickness = 0.8
; top_solid_infill_flow_ratio = 1
; top_surface_acceleration = 0
; top_surface_density = 100%
; top_surface_filament_id = 0
; top_surface_jerk = 9
; top_surface_line_width = 0.4
; top_surface_pattern = monotonicline
; top_surface_speed = 30
; travel_acceleration = 0
; travel_jerk = 12
; travel_slope = 3
; travel_speed = 150
; travel_speed_z = 0
; tree_support_angle_slow = 25
; tree_support_auto_brim = 1
; tree_support_branch_angle = 40
; tree_support_branch_angle_organic = 40
; tree_support_branch_diameter = 5
; tree_support_branch_diameter_angle = 5
; tree_support_branch_diameter_organic = 2
; tree_support_branch_distance = 5
; tree_support_branch_distance_organic = 1
; tree_support_brim_width = 3
; tree_support_tip_diameter = 0.8
; tree_support_top_rate = 30%
; tree_support_wall_count = 0
; use_3mf = 0
; use_firmware_retraction = 0
; use_relative_e_distances = 0
; volumetric_speed_coefficients = ""
; wall_direction = ccw
; wall_distribution_count = 1
; wall_generator = arachne
; wall_loops = 2
; wall_maximum_deviation = 0.025
; wall_maximum_resolution = 0.5
; wall_sequence = inner wall/outer wall
; wall_transition_angle = 10
; wall_transition_filter_deviation = 25%
; wall_transition_length = 100%
; wipe = 0
; wipe_before_external_loop = 0
; wipe_distance = 1
; wipe_on_loops = 0
; wipe_speed = 80%
; wipe_tower_bridging = 10
; wipe_tower_cone_angle = 30
; wipe_tower_extra_flow = 100%
; wipe_tower_extra_rib_length = 0
; wipe_tower_extra_spacing = 100%
; wipe_tower_filament = 0
; wipe_tower_fillet_wall = 1
; wipe_tower_max_purge_speed = 90
; wipe_tower_no_sparse_layers = 0
; wipe_tower_rib_width = 8
; wipe_tower_rotation_angle = 0
; wipe_tower_type = type2
; wipe_tower_wall_type = rib
; wipe_tower_x = 15.000
; wipe_tower_x = 15
; wipe_tower_y = 220.000
; wipe_tower_y = 220
; wiping_volumes_extruders = 70,70,70,70,70,70,70,70,70,70
; wrapping_detection_gcode = 
; wrapping_detection_layers = 20
; wrapping_exclude_area = 
; xy_contour_compensation = 0
; xy_hole_compensation = 0
; z_hop = 0.4
; z_hop_types = Slope Lift
; z_offset = 0
; zaa_dont_alternate_fill_direction = 0
; zaa_enabled = 0
; zaa_min_z = 0.05
; zaa_minimize_perimeter_height = 35
; first_layer_bed_temperature = 60
; bed_shape = 0x0,235x0,235x235,0x235
; first_layer_temperature = 215
; first_layer_height = 0.200
; CONFIG_BLOCK_END


